id,keyword_Search,doi,doi_url,mdpi_url,path,title,abstract,abstract_words,content_paper,content_words,conclusions,sections,reference_count,keywords,journal,journal_slug,eissn,publication_date,publication_year,publication_month,volume,issue,article_number,article_type,language,publisher,authors,first_author,author_count,orcids,affiliations,license_url,is_oa,pdf_url,fulltext_url,xml_url,cited_by_count,views,matched_keywords,match_score,deep_scraped,retrieved_at,scraped_at,error
10.3390/cosmetics13050230,cosmetic emulsion stability,10.3390/cosmetics13050230,https://doi.org/10.3390/cosmetics13050230,https://www.mdpi.com/2079-9284/13/5/230,/2079-9284/13/5/230,"Effect of Formulation Matrix, Temperature, and Time on Formaldehyde Release from Formaldehyde-Releasing Preservatives","Formaldehyde is a chemical compound historically used for its antimicrobial and preservative properties. Due to its classification as a carcinogen and skin sensitizer, its use in cosmetics is restricted; however, formaldehyde-releasing preservatives are still permitted under specific conditions. The release of formaldehyde in cosmetic products may be influenced by factors such as temperature, storage time, and formulation matrix, raising potential safety and regulatory concerns. In this study, a full factorial design was applied to evaluate formaldehyde release in aqueous solutions at 40, 70, and 90 °C over 15, 30, and 60 min. In cosmetic matrices, temperatures of 40 and 70 °C were assessed at 0, 15, 30, and 60 min. Additionally, a three-month accelerated stability study was conducted to evaluate formaldehyde release over time in three different formulations. Formaldehyde release increased with both temperature and time in aqueous solutions, with diazolidinyl urea showing the highest levels, followed by DMDM hydantoin and imidazolidinyl urea. In cosmetic matrices, lower release levels were observed compared to aqueous systems; however, all formulations exceeded the 0.001% threshold established by European regulations. Under accelerated stability conditions, the emulsion exhibited the highest formaldehyde release, which may be associated with increased water availability promoting preservative hydrolysis. Overall, formaldehyde release was influenced by preservative structure, formulation matrix, temperature, and time. These findings highlight the importance of considering formulation composition and storage conditions in the evaluation of formaldehyde-releasing preservatives and may be relevant for safety assessment and regulatory compliance.",239,,0,,,0,,Cosmetics,,2079-9284,2026-09-07,,,13,5,230,Article,,,Paula Juliana Eraso-Calvachi | Isabella Rivera-Montoya | Daniela Bustamante-López | Juan Camilo Mejía-Giraldo,Paula Juliana Eraso-Calvachi,4,,,,True,https://www.mdpi.com/2079-9284/13/5/230/pdf?version=1788790451,,,0,0,cosmetic emulsion stability | surfactant skin barrier disruption,1.0,False,2026-09-15T14:56:18+00:00,,
10.3390/pr14172850,cosmetic emulsion stability,10.3390/pr14172850,https://doi.org/10.3390/pr14172850,https://www.mdpi.com/2227-9717/14/17/2850,/2227-9717/14/17/2850,Natural Deep Eutectic Solvents as Innovative Multifunctional Ingredients in Cosmetic Formulations: Scaling up from Lab to Industry,"In recent years, the cosmetic and dermo-cosmetic industries have experienced a shift driven by the principles of green chemistry and the growing consumer demand for clean-beauty platforms. Conventional personal care formulations heavily rely on synthetic glycols, petroleum-derived penetration enhancers, and heavy chemical preservatives to stabilize active ingredients and optimize topical application. However, these ingredients are increasingly scrutinized due to their associated carbon footprints and processing inefficiencies. Consequently, the development of multi-functional, bio-based, and ecologically sustainable solvents has emerged as a primary frontier in modern cosmetic engineering. For the first time, this study focused on determining the physicochemical properties and direct cosmetic application potential of Natural Deep Eutectic Solvents (NADESs) based on 1,3-propanediol (PDO) and glycerin (GLY) paired with organic acids (citric, succinic, malic, and lactic) at a 6:1 molar ratio. Unlike traditional, highly viscous eutectic mixtures, the engineered NADESs successfully optimized liquid dynamic viscosities, overcoming a major barrier for topical application. The new NADESs and, for comparison, a physical mixture of their substrates were incorporated into aqueous serums and O/W emulsions. Accelerated stability trials (40 °C/4 °C, 3 months) combined with pH monitoring revealed that while liquid serums maintained exceptional stability, the emulsion formulations were highly dependent on the specific acid structures. All formulations of cosmetics demonstrated very good radical scavenging activity (up to 89% DPPH inhibition) and microbiological purity, complying with the ISO 17516:2014 standard. Furthermore, in vivo sensory evaluations visualized via heatmaps confirmed that NADESs effectively eliminated the characteristic “sticky effect” of polyols, significantly enhancing product ease of application on skin. This study provides the first systematic evidence that these NADESs offer seamless cold-process compounding, reduced homogenization times, and simplified single-pot operations. Consequently, this work establishes a novel, clean-beauty-compliant platform for advanced dermo-cosmetic manufacturing.",286,,0,,,0,,Processes,,2227-9717,2026-09-04,,,14,17,2850,Article,,,Justyna Werner | Ewa Kilian-Pięta | Kornelia Rzepczyk | Mateusz Szczygiełda | Agnieszka Duczmal | Daria Mysiak | Damian Krystian Kaczmarek,Justyna Werner,7,,,,True,https://www.mdpi.com/2227-9717/14/17/2850/pdf?version=1788847671,,,0,0,cosmetic emulsion stability | surfactant skin barrier disruption | topical retinoid delivery,1.0,False,2026-09-15T14:56:18+00:00,,
10.3390/allergies6030034,skin microbiome,10.3390/allergies6030034,https://doi.org/10.3390/allergies6030034,https://www.mdpi.com/2313-5786/6/3/34,/2313-5786/6/3/34,Atopic Dermatitis in Otorhinolaryngology: Clinical Manifestations and Implications for Practice,"Atopic dermatitis is a chronic inflammatory skin disease increasingly recognized as part of a broader atopic and type 2 inflammatory spectrum rather than a condition confined to the skin alone. Although its dermatologic burden is well established, its relevance to otorhinolaryngology remains relatively underrecognized. This narrative review examines atopic dermatitis from an otorhinolaryngology-centered perspective, focusing on ear, nose and throat (ENT) associations, clinical overlaps, shared inflammatory pathways, and practical implications for clinical care. Particular emphasis is placed on allergic rhinitis, chronic rhinosinusitis, ear-related eczematous manifestations, and the head and neck phenotype of atopic dermatitis. Shared pathophysiologic mechanisms, including epithelial barrier dysfunction, allergen sensitization, immune dysregulation, type 2 inflammation, microbiome alterations, and allergic multimorbidity, provide a framework for understanding these overlaps. Upper airway and ear-related conditions should not be interpreted as direct manifestations of atopic dermatitis in all patients, but as disorders that may coexist within a shared atopic or type 2 inflammatory background. The review further considers the implications of this perspective for targeted history-taking, differential diagnosis, referral decisions, therapeutic awareness, and multidisciplinary care. Overall, atopic dermatitis may serve as a clinically useful marker of broader allergic and inflammatory multimorbidity, with relevant implications for selected patients encountered in otorhinolaryngology practice.",200,,0,,,0,,Allergies,,2313-5786,2026-09-04,,,6,3,34,Review,,,Nikolaos Fylaktou | Alexandra Danielidi | Katerina Grafanaki | Athanasios Vlachodimitropoulos | Gerasimos Danielides | Foteini Tsapardoni | Spyridon Lygeros,Nikolaos Fylaktou,7,,,,True,https://www.mdpi.com/2313-5786/6/3/34/pdf?version=1788505171,,,0,0,skin microbiome,1.0,False,2026-09-11T01:21:44+00:00,,
10.3390/ani16172744,skin microbiome,10.3390/ani16172744,https://doi.org/10.3390/ani16172744,https://www.mdpi.com/2076-2615/16/17/2744,/2076-2615/16/17/2744,Fecal Microbiota Transplantation in Dogs and Cats: Evidence for Gastrointestinal and Emerging Extra-Intestinal Applications,"Fecal microbiota transplantation (FMT) is an emerging microbiome-directed intervention for dogs and cats, but its clinical role remains incompletely defined. This structured narrative review integrates peer-reviewed clinical, mechanistic, methodological, and safety evidence on companion-animal FMT published between 2005 and 2026, with emphasis on efficacy, tolerability, mechanisms, product preparation, donor screening, and research priorities. In dogs, the most consistent clinical signal concerns chronic enteropathy (CE), where observational studies frequently report reduced disease activity scores after FMT, whereas small randomized trials have shown mixed results; however, causal inference remains limited by small sample sizes, heterogeneous diagnostic criteria and treatment protocols, and concurrent therapies. The strongest controlled canine signal comes from parvoviral enteritis, where adjunctive enema-based FMT accelerated diarrhea resolution and shortened hospitalization. Feline data support short-term tolerability and measurable microbiome activity, but clinical efficacy remains preliminary; notably, the first controlled feline chronic enteropathy (CE) trial showed no significant improvement in dysbiosis index or clinical activity scores compared with controls. Proposed mechanisms include donor microbial engraftment, metabolic restoration, immune modulation, and gut–brain and gut–skin axis signaling, although veterinary-specific validation remains limited. Standardized donor screening, batch-level quality control, dose-finding studies, long-term safety surveillance, and adequately powered sham-controlled trials are the main prerequisites for responsible clinical translation.",202,,0,,,0,,Animals,,2076-2615,2026-09-02,,,16,17,2744,Review,,,Jian Jin | Chao Xu | Wenbin Bao,Jian Jin,3,,,,True,https://www.mdpi.com/2076-2615/16/17/2744/pdf?version=1788330528,,,0,0,skin microbiome,1.0,False,2026-09-11T01:21:44+00:00,,
10.3390/dermato6030033,skin microbiome,10.3390/dermato6030033,https://doi.org/10.3390/dermato6030033,https://www.mdpi.com/2673-6179/6/3/33,/2673-6179/6/3/33,Dysbiosis and Staphylococcus aureus : Implications for Atopic Dermatitis and Other Dermatoses,"This study aimed to review the scientific literature on dysbiosis characterized by Staphylococcus aureus enrichment and its implications for atopic dermatitis and other dermatoses. A narrative literature review was conducted using the PubMed database with the descriptors “ Staphylococcus aureus ” and “dysbiosis”, covering publications from January 2014 to May 2026. A total of 372 articles were identified, of which 38 met the inclusion criteria and were qualitatively synthesized. Most studies ( n = 31) specifically examined the association between S. aureus –related dysbiosis and atopic dermatitis, with bacterial enrichment primarily assessed using 16S rRNA gene sequencing. The evidence explored the potential roles of distinct bacterial species in exerting protective or exacerbating effects on dermatoses, as well as the mechanisms underlying skin barrier dysfunction and the development of dermatological lesions. Additionally, emerging innovative therapeutic perspectives for atopic dermatitis were discussed, particularly strategies aimed at modulating or reducing S. aureus abundance. Collectively, the findings indicate that increased S. aureus abundance represents a significant risk factor for multiple dermatological conditions; however, the complexity of host–microbiome interactions and the directionality of these relationships remain incompletely understood. The identification of specific microbial biomarkers may enable earlier diagnosis and support the development of targeted therapeutic interventions for dermatological diseases associated with S. aureus overabundance.",209,,0,,,0,,Dermato,,2673-6179,2026-09-01,,,6,3,33,Review,,,Joyce Marinho de Souza | Guilherme Bartolomeu-Gonçalves | Rafaela Moraes Leal | Isabela Madeira de Castro | Gislaine da Silva-Rodrigues | Paulo Henrique Guilherme Borges | Isabella Ramos Trevizani Thihara | Gabrielle Modesto Maroni | Vitória Lumi Ogatta | Artur Norio Mizuno | Eliandro Reis Tavares | Lucy Megumi Yamauchi | Marcus Vinícius Pimenta Rodrigues | Sueli Fumie Yamada-Ogatta,Joyce Marinho de Souza,14,,,,True,https://www.mdpi.com/2673-6179/6/3/33/pdf?version=1788260953,,,0,0,skin microbiome,1.0,False,2026-09-11T01:21:44+00:00,,
10.3390/dermato6030032,skin microbiome,10.3390/dermato6030032,https://doi.org/10.3390/dermato6030032,https://www.mdpi.com/2673-6179/6/3/32,/2673-6179/6/3/32,Acne and Rosacea: Distinct Disorders Sharing a Sebum–Microbiome–Inflammation–Barrier Axis,"Acne vulgaris and rosacea are traditionally classified as distinct inflammatory facial dermatoses. Nevertheless, accumulating mechanistic and translational evidence suggests that these conditions share partially overlapping biological domains including preferential localization of sebaceous gland-rich facial skin, alterations in sebaceous function, microbiota dysregulation, innate immune activation and epidermal barrier impairment. This review evaluates the pilosebaceous unit and its surrounding ecosystem as a shared anatomical and functional platform from which these disorders may diverge into distinct clinical phenotypes. Evidence on sebum quantity and composition, microbial ecology, biofilm and quorum-sensing biology, barrier integrity and immuno-inflammatory signaling is synthesized. Acne is more consistently linked to seborrhea, follicular hyperkeratinization, comedogenesis, and Cutibacterium acnes -associated inflammation. Rosacea is more strongly associated with barrier fragility, Demodex overabundance, dysregulated TLR2/KLK5/cathelicidin signaling, neurovascular reactivity and persistent centrofacial inflammation. This review proposes that acne and rosacea are distinct clinical entities arising from partially overlapping but differentially weighted perturbations along a shared sebum–microbiome–inflammation–barrier axis. This framework may help explain mixed facial presentations, improve differential diagnosis and support therapeutic strategies that target biological networks while preserving disease-specific clinical distinctions. The strength of the supporting evidence is, however, unequal across these domains, being more robust for sebaceous and microbial mechanisms in acne than in rosacea. The proposed axis is therefore presented as a conceptual and hypothesis-generating framework rather than as an established disease continuum.",220,,0,,,0,,Dermato,,2673-6179,2026-09-01,,,6,3,32,Review,,,Cristina Eguren | Melina Lois,Cristina Eguren,2,,,,True,https://www.mdpi.com/2673-6179/6/3/32/pdf?version=1788241276,,,0,0,skin microbiome,1.0,False,2026-09-11T01:21:44+00:00,,
10.3390/cells15171591,skin microbiome,10.3390/cells15171591,https://doi.org/10.3390/cells15171591,https://www.mdpi.com/2073-4409/15/17/1591,/2073-4409/15/17/1591,"Decoding Sebaceous Gland Biology Through Experimental Models: Progress, Limitations, and Future Directions","The sebaceous gland (SG) is a highly dynamic skin appendage that plays a central role in maintaining skin homeostasis through lipid production, immune modulation, and interactions with the skin microbiome. Dysregulation of SG function is implicated in several dermatological disorders, including acne and other inflammatory skin diseases. Over the past decades, a wide range of experimental models has been developed to investigate SG biology and pathology. These include in vivo animal models, ex vivo human skin explants, primary sebocyte cultures, and immortalized sebocyte cell lines, each offering distinct advantages and limitations. More recently, significant progress has been made in the development of advanced three-dimensional (3D) models of sebaceous gland biology, including sebocyte spheroids, SG organoids, human skin equivalents containing sebaceous components, and organotypic co-culture models, which better recapitulate the structural and functional complexity of SGs. In particular, the emergence of SG organoids derived from adult or pluripotent stem cells represents a breakthrough, enabling the study of sebocyte differentiation, lipid metabolism, and cell–cell interactions in a physiologically relevant context. Despite these advances, current models still face important challenges, including incomplete cellular maturation, limited representation of the immune and vascular components, and insufficient modeling of the native skin microenvironment. Future developments integrating bioengineering approaches, microfluidic platforms, and multi-cellular systems are expected to further enhance model complexity and translational relevance. This review summarizes current knowledge on experimental models developed to study SG and sebocyte physiology and pathology.",234,,0,,,0,,Cells,,2073-4409,2026-09-01,,,15,17,1591,Review,,,Stefania Briganti | Sarah Mosca | Monica Ottaviani | Enrica Flori,Stefania Briganti,4,,,,True,https://www.mdpi.com/2073-4409/15/17/1591/pdf?version=1788841379,,,0,0,skin microbiome,1.0,False,2026-09-11T01:21:44+00:00,,
10.3390/ijem1030015,skin microbiome,10.3390/ijem1030015,https://doi.org/10.3390/ijem1030015,https://www.mdpi.com/3042-7681/1/3/15,/3042-7681/1/3/15,Delivery of Nebulized Prebiotic/Postbiotic Formulations: Spatial Deposition and Exposure Characterization by GC–MS,"Indoor environments are increasingly recognized as key determinants of human microbial exposure and skin health. Microbiome-aware interventions, including probiotic and prebiotic formulations, have been proposed to complement conventional environmental hygiene. However, quantitative data on the spatial distribution of nebulized prebiotic/postbiotic mixtures in enclosed spaces are lacking. The aim of this exploratory study was to characterize the aerosolization efficiency and spatial deposition of a prebiotic/postbiotic solution nebulized by two different devices in standardized indoor microenvironments. Two nebulizing devices were tested separately in two identical 20′ ISO containers (33.2 m 3 ). A liquid prebiotic/postbiotic mixture at two concentrations (10% and 20% v / v in water) was nebulized for 1 or 2 h. Surface deposition was assessed using passive paper samplers placed at horizontal distances of 0, 25, 50, 100 and 200 cm from the aerosol outlet. A volatile chemical marker contained in the solution was quantified by gas chromatography–mass spectrometry to estimate deposited volume per unit area. Both devices generated detectable marker deposition at all distances, ranging from 0.22 to 14.42 µL·cm −2 of concentrate equivalent. In a mixed-effects model treating the individual run as the unit of replication, distance was the only factor reaching statistical significance, deposition decreasing approximately twofold per 100 cm ( p < 0.001); the apparent effects of device type, concentration and run time did not reach significance. Spatial decay profiles were condition-dependent rather than systematically device-specific. Nebulized prebiotic/postbiotic mixtures can be delivered across meter-scale distances in enclosed indoor settings. Because each condition was tested in a single run, aerosol properties were not characterized and no microbiological or clinical endpoints were assessed; these findings represent a feasibility and exposure-characterization step rather than evidence of biological or health benefit, and they support further investigation of nebulized microbiome-modulating interventions in environmental and occupational medicine.",296,,0,,,0,,Int. J. Environ. Med.,,3042-7681,2026-08-27,,,1,3,15,Article,,,Edoardo Cavalieri D’Oro | Claudio De Maio | Rita White | Enrico Greco,Edoardo Cavalieri D’Oro,4,,,,True,https://www.mdpi.com/3042-7681/1/3/15/pdf?version=1787914393,,,0,0,skin microbiome,1.0,False,2026-09-11T01:21:44+00:00,,
10.3390/cells15171553,skin microbiome,10.3390/cells15171553,https://doi.org/10.3390/cells15171553,https://www.mdpi.com/2073-4409/15/17/1553,/2073-4409/15/17/1553,The Chronic Wound Microbiome: Dynamics and Treatment Response,"Chronic ulcers require prolonged care and carry an increased risk of infection and limb loss. Sequencing studies of diabetic foot ulcers, venous leg ulcers, and pressure ulcers have revealed dynamic, patient-specific microbial communities whose composition varies with local tissue conditions and treatment exposure. This review examines changes in microbial burden and community structure during wound-bed and antimicrobial interventions and their relationships with healing. Observed shifts may contribute to therapeutic effects, reflect direct perturbation of the community, or follow tissue recovery. However, most studies are small, heterogeneous, and uncontrolled, limiting causal inference. No published randomized trial has shown that treatment selection informed by sequencing-based microbial profiling improves wound healing. A central translational challenge is to determine whether baseline microbial features reproducibly predict responses to defined interventions. Progress will therefore require prospective longitudinal studies integrating sequencing with quantitative culture, isolate phenotyping, antimicrobial susceptibility testing, biofilm assays, and standardized clinical data. Such studies should establish whether microbiome profiling adds clinically useful information to conventional wound assessment and microbiological testing.",166,,0,,,0,,Cells,,2073-4409,2026-08-27,,,15,17,1553,Review,,,Ilaria Cavallo | Francesca Sivori | Massimo Francalancia | Alessandro Greco | Mauro Truglio | Fulvia Pimpinelli | Enea Gino Di Domenico,Ilaria Cavallo,7,,,,True,https://www.mdpi.com/2073-4409/15/17/1553/pdf?version=1787882512,,,0,0,skin microbiome,0.5,False,2026-09-11T01:21:44+00:00,,
10.3390/biom16091246,skin microbiome,10.3390/biom16091246,https://doi.org/10.3390/biom16091246,https://www.mdpi.com/2218-273X/16/9/1246,/2218-273X/16/9/1246,Advancing Epidermal Barrier Resilience in Atopic Dermatitis with Isosorbide Di-Fatty Acid Esters: From Disruption to Restoration,"Atopic dermatitis (AD) is a chronic, relapsing inflammatory skin disease characterized by epidermal barrier dysfunction, immune dysregulation, microbial imbalance, and severe pruritus. Emerging evidence establishes that barrier disruption is a central pathogenic driver capable of initiating inflammatory signaling, neuroimmune activation, and chronic disease instability. This understanding has shifted therapeutic paradigms toward barrier-directed strategies aimed at restoring epidermal resilience. This narrative review evaluates the mechanistic and clinical evidence surrounding isosorbide fatty acid diester molecules—specifically isosorbide dicaprylate (IDC) and isosorbide di-(linoleate/oleate) (IDL)—as a barrier-first approach for AD management. Early in vitro and ex vivo investigations demonstrated that IDC significantly improves epidermal hydration, transepidermal water loss, and the expression of barrier-associated genes linked to epidermal integrity. Subsequent studies showed that IDL expands these effects through coordinated regulation of keratinocyte differentiation, lipid homeostasis, and inflammatory stress pathways. Furthermore, recent mechanistic data highlight synergistic anti-inflammatory and pruritus-modulating effects involving TRPA1-, TRPV3-, and TSLP-associated pathways, while preserving tissue integrity under cytokine-induced stress. Clinically, these findings are supported by randomized studies in pediatric and adult cohorts demonstrating significant reductions in pruritus, favorable Eczema Area and Severity Index (EASI) responses, decreased topical corticosteroid dependence, and a reduction in the relative abundance of Staphylococcus aureus . Collectively, these findings support a barrier-first therapeutic framework in which restoration of epidermal resilience may beneficially influence multiple interconnected pathways involved in atopic dermatitis.",221,,0,,,0,,Biomolecules,,2218-273X,2026-08-27,,,16,9,1246,Review,,,Ratan K. Chaudhuri | Raja K. Sivamani,Ratan K. Chaudhuri,2,,,,True,https://www.mdpi.com/2218-273X/16/9/1246/pdf?version=1787899040,,,0,0,skin microbiome,0.5,False,2026-09-11T01:21:44+00:00,,
10.3390/ijms27177660,topical retinoid delivery systems,10.3390/ijms27177660,https://doi.org/10.3390/ijms27177660,https://www.mdpi.com/1422-0067/27/17/7660,/1422-0067/27/17/7660,Phytol in Skin Care: From Multidimensional Pharmacological Mechanisms to Nanocarrier-Based Cosmetic Applications,"Phytol, an acyclic diterpene alcohol and a key lipophilic side-chain moiety of chlorophyll, is widely distributed in nature. It exhibits potent antioxidant, anti-inflammatory, analgesic and broad-spectrum antibacterial activities. Notably, phytol can also effectively inhibit melanin production, repair the skin barrier, and exert profound anti-aging effects, making it a highly promising ingredient for daily skincare with substantial industrial application value. The skincare benefits of phytol are primarily achieved by constructing a multi-dimensional regulatory network involving defense, modulation and repair. Compared to conventional retinol-based skincare ingredients, phytol exhibits superior biocompatibility, mild irritation, and remarkable safety advantages. Nevertheless, its application is hindered by inherent limitations, including strong hydrophobicity, spontaneous aggregation tendency, and poor photothermal stability. These drawbacks severely restrict its dispersibility, storage stability and percutaneous bioavailability in aqueous cosmetic formulations. To address these deficiencies, nanodrug delivery systems (NDDS), such as liposomes, nanoemulsions, solid lipid nanoparticles and PLGA nanoparticles, have been widely employed. These nanocarriers can penetrate the skin barrier via the size effect, enabling targeted skin delivery and long-term controlled release of phytol. This review systematically summarizes the biological sources and metabolic fate of phytol, as well as its multi-mechanistic pharmacological effects on the skin. Furthermore, we outline the current application status and industrial development trends of phytol in mainstream cosmetics worldwide. This work aims to provide theoretical basis and forward-looking references for the development of high-efficiency, safe and stable phytol-derived skincare raw materials and topical formulations. Highlights: (1) Phytol, a natural acyclic diterpene alcohol, exerts multi-dimensional skincare effects including antioxidant, anti-inflammatory, whitening, anti-aging, and skin barrier repair activities via a defense–modulation–repair regulatory network. (2) Phytol may act as a mild, non-irritating functional alternative to retinoids, targeting PPAR/RXR pathways and avoiding TRPV1-mediated irritation, making it suitable for sensitive skin. (3) Poor water solubility and instability hinder phytol’s translation; nanodelivery systems effectively improve solubility, permeability, and sustained release.",304,,0,,,0,,Int. J. Mol. Sci.,,1422-0067,2026-08-26,,,27,17,7660,Review,,,Xiaohan Wu | Wenxiang Zhang | Bohao Jin | Siyu Chen | Hong Shen,Xiaohan Wu,5,,,,True,https://www.mdpi.com/1422-0067/27/17/7660/pdf?version=1787825661,,,0,0,topical retinoid delivery systems | cosmetic formulation rheology | surfactant skin barrier disruption,1.0,False,2026-09-15T13:37:24+00:00,,
10.3390/pr14172707,cosmetic formulation rheology,10.3390/pr14172707,https://doi.org/10.3390/pr14172707,https://www.mdpi.com/2227-9717/14/17/2707,/2227-9717/14/17/2707,Interfacial Regulation by Surfactants in Spray Cosmetics: Mechanisms and Applications,"Spray cosmetics couple formulation composition with actuator design and biological targets, so their performance is governed by rapid, nonequilibrium interfacial processes that cannot be predicted from in-bottle stability or equilibrium surface tension alone. This targeted narrative review integrates evidence across storage stability, atomization, droplet flight and evaporation, deposition, film formation, active delivery, inhalation safety and environmental fate. It examines how surfactant molecular structure, micellar replenishment, dynamic surface tension, interfacial viscoelasticity and extensional rheology influence droplet-size distributions, wetting, spreading and deposition. Particular attention is given to competing effects: enhanced breakup may increase airborne fine fractions; stronger interfacial films may impair sprayability; enhanced penetration may reduce barrier tolerance; and bio-based origin does not necessarily imply a lower life-cycle burden. Across moisturizing, sunscreen, hair- and scalp-care, makeup-setting, cleansing-foam and emerging functional sprays, this review develops an interface-to-outcome framework and a multiobjective operating-window concept linking formulation and device variables to efficacy, manufacturability, safety and sustainability. The available evidence supports product-specific, whole-process validation rather than optimization against any single equilibrium property, while highlighting the need for spray-relevant dynamic measurements, realistic exposure assessment and validated formulation–device co-design.",181,,0,,,0,,Processes,,2227-9717,2026-08-25,,,14,17,2707,Review,,,Zi-Bin Huang | Tian-Yi Huang | Pei-Qing Yuan | Zhen-Min Cheng | Min-Jia Yuan,Zi-Bin Huang,5,,,,True,https://www.mdpi.com/2227-9717/14/17/2707/pdf?version=1787637168,,,0,0,cosmetic formulation rheology | surfactant skin barrier disruption | topical retinoid delivery systems,1.0,False,2026-09-15T13:37:17+00:00,,
10.3390/nu18172749,skin microbiome,10.3390/nu18172749,https://doi.org/10.3390/nu18172749,https://www.mdpi.com/2072-6643/18/17/2749,/2072-6643/18/17/2749,"Prenatal, Perinatal and Postnatal Exposures and Clinical Factors of Food Allergy Prevention: A Review for the First 1000 Days of Life from the SIAIP Primary and Secondary Prevention of Allergic Diseases Commission","Background/Objectives: Food allergy prevention is no longer understood as the simple avoidance of allergenic foods. The first 1000 days (from conception to, approximately, 24 months of age) include prenatal, perinatal and postnatal windows in which diet, epithelial barrier integrity, microbial ecology, immune maturation and family-level implementation interact. This narrative review was developed as a Commission-proposed SIAIP-oriented clinical framework, rather than a formal guideline or consensus statement. Evidence from guidelines, systematic reviews, randomised trials, birth cohorts and mechanistic studies was organised by developmental window and interpreted according to endpoint validity, confounding, feasibility and clinical readiness. Prenatal factors include maternal allergen non-avoidance, whole-diet quality, micronutrient and fatty acid status, antibiotic exposure, environmental context and maternal microbiome. Perinatal factors include mode of delivery, intrapartum and neonatal antibiotics, gestational maturity, early colonisation, breastfeeding initiation and routine vaccination. Postnatal factors include eczema, skin barrier inflammation, the timing and regularity of allergen introduction, breastfeeding management, infant diet diversity, siblings, daycare, pets, smoke and pollution, physical activity and equitable implementation. The strongest actionable evidence remains eczema-linked risk recognition and timely, sustained oral exposure to peanut and well-cooked egg. Maternal and environmental factors are clinically important, but many are contextual rather than prescriptive; they should guide non-restrictive, non-blaming counselling rather than deterministic risk labelling.",206,,0,,,0,,Nutrients,,2072-6643,2026-08-22,,,18,17,2749,Review,,,Angela Klain | Salvatore Cascone | Carolina Grella | Valentina Cattivera | Cecilia Fabiano | Francesca Galletta | Sara Manti | Antonio Andrea Senatore | Amelia Licari | Michele Miraglia del Giudice | Gian Luigi Marseglia | Cristiana Indolfi,Angela Klain,12,,,,True,https://www.mdpi.com/2072-6643/18/17/2749/pdf?version=1787388166,,,0,0,skin microbiome,1.0,False,2026-09-11T01:21:44+00:00,,
10.3390/foods15162931,skin microbiome,10.3390/foods15162931,https://doi.org/10.3390/foods15162931,https://www.mdpi.com/2304-8158/15/16/2931,/2304-8158/15/16/2931,Individualized Nutritional and Microbiome-Oriented Management of Food Allergy-Associated Atopic Dermatitis in Children: A Prospective Real-World Observational Cohort Study,"Atopic dermatitis (AD) and food allergy frequently coexist during early childhood and are increasingly linked through interactions within the gut–skin axis. We evaluated the clinical outcomes of an integrated nutritional and microbiome-oriented management strategy in children with food allergy-associated AD under real-world conditions. This prospective, two-center, real-world observational cohort study included 85 children (median age, 11 months) with AD diagnosed according to the Hanifin–Rajka criteria and confirmed IgE- and/or non-IgE-mediated food allergy. Participants received individualized nutritional and microbiome-oriented management comprising elimination diets, conventional topical therapy, microbiome-directed interventions, and nutritional supplementation tailored to their clinical, allergological, and microbiological profile. Disease severity was assessed using the Scoring Atopic Dermatitis (SCORAD) index at baseline and after approximately 1 and 3 months of follow-up. Cow’s milk, egg, and wheat were the predominant food allergens, and 69.4% of children were polyallergic. SCORAD decreased significantly during follow-up, with a mean relative reduction of 51.6% and 63.5% of participants achieving a SCORAD50 response. Food allergy burden independently predicted baseline disease severity, whereas documented gut dysbiosis was associated with polyallergy and greater absolute clinical improvement, although this association lost statistical significance after adjustment for baseline disease severity and should therefore not be interpreted as a favorable prognostic effect of dysbiosis. Baseline SCORAD remained the strongest independent predictor of clinical improvement. Integrated nutritional and microbiome-oriented management was associated with substantial clinical improvement and may represent a valuable adjunct to standard care in children with food allergy-associated AD. Because of the observational, uncontrolled design, these findings describe associations rather than causal treatment effects. These findings support further evaluation of personalized nutritional strategies in randomized controlled trials.",266,,0,,,0,,Foods,,2304-8158,2026-08-21,,,15,16,2931,Article,,,Raluca-Gabriela Miulescu | Alina Mușetescu | Ruxandra-Cristina Marin | Călin Muntean | Radu Dumitru Moleriu | Alexandru-Neculai Pavel | Ioana Roșca | Laura Dinică | Alina Ilici | Oana Andreia Coman,Raluca-Gabriela Miulescu,10,,,,True,https://www.mdpi.com/2304-8158/15/16/2931/pdf?version=1787292901,,,0,0,skin microbiome,1.0,False,2026-09-11T01:21:44+00:00,,
10.3390/microorganisms14081858,skin microbiome,10.3390/microorganisms14081858,https://doi.org/10.3390/microorganisms14081858,https://www.mdpi.com/2076-2607/14/8/1858,/2076-2607/14/8/1858,"Forensic Microbiomics and Trace Microbial Evidence: Molecular Innovations for Linking Suspects, Objects, and Environments","Microbial forensics has beneficial characteristics for investigating crimes. Law and order are fundamental to any nation and carry significant responsibilities. Failure in this domain may result in wrongful convictions or the guilty remaining free. Key duties include managing criminal cases and addressing threats to public order. While identifying the culprit, establishing their connection to the crime is paramount. Since legal systems require evidence for conviction, law enforcement increasingly relies on advancing scientific methods to meet this need. For example, in this case, after applying conventional techniques like DNA analysis and fingerprinting, a new technique, such as microbial forensics or fingerprints, can be applied. Trace evidence can be in the form of microbial fingerprints, and this evidence can play an important role in solving the crime. Microbial communities are dense and active in living and non-living things and in the environment. The classification and roles of these bacterial populations could be used as markers. The distinction between forensic samples is achievable because there is a diversity of microbial communities found in the human body from one location to another, and even in identical twins. The specific microbiome, which can be found on the skin or in specific body areas, may precisely identify the suspect’s connection with the crime scene for the purposes of human identification. This paper discusses the objects and latest advancements in the science of microbial forensics and their significance within the law enforcement process.",236,,0,,,0,,Microorganisms,,2076-2607,2026-08-20,,,14,8,1858,Review,,,Badal Mavry | Sneha Lohar | Garima Awasthi | Kumud Kant Awasthi | Mahipal Singh Sankhla | Anuj Sharma | Rajeev Kumar | Yogesh Kumar | Ruchi Pathania | Theodoros Varzakas,Badal Mavry,10,,,,True,https://www.mdpi.com/2076-2607/14/8/1858/pdf?version=1787298809,,,0,0,skin microbiome,1.0,False,2026-09-11T01:21:44+00:00,,
10.3390/ijms27167372,skin microbiome,10.3390/ijms27167372,https://doi.org/10.3390/ijms27167372,https://www.mdpi.com/1422-0067/27/16/7372,/1422-0067/27/16/7372,Microbial Communities Across Sports Surfaces: Exploring the Biology of Athletic Environments,"Athletic environments—ranging from natural grass pitches and synthetic crumb–rubber turf to indoor mats and hardwood courts—are increasingly recognized as dynamic built-environment microbiomes rather than inert platforms. These surfaces are continuously exposed to human skin contact, perspiration and environmental debris, and may act as reservoirs for both beneficial commensals and opportunistic pathogens. The present study characterized and compared the taxonomic diversity of bacterial communities across four distinct sports surfaces and tested whether surface material or intensity of human use is the stronger determinant of community structure. Environmental swabs were collected from natural grass pitches, synthetic crumb–rubber turf, polyvinyl chloride (PVC) karate mats and hardwood squash courts, before and after sporting activity. Bacterial communities were profiled by 16S rRNA gene amplicon sequencing, with taxonomic assignment against the SILVA reference database. Alpha diversity was quantified using the Shannon and Simpson indices, and community structure (beta diversity) was visualized by Principal Coordinates Analysis (PCoA) on Bray–Curtis dissimilarities. Surface material was the strongest predictor of microbial composition. Natural grass exhibited high alpha diversity dominated by soil-dwelling Proteobacteria and Actinobacteria , whereas synthetic surfaces showed reduced diversity but a markedly higher prevalence of human skin-associated taxa ( Staphylococcus , Corynebacterium and Streptococcus ). High-contact PVC mats underwent a significant relative enrichment in these skin-associated genera following active training. PCoA revealed clear spatial segregation by material. A multivariate PERMANOVA confirmed surface material as the primary driver of microbial structure, explaining 52.2% of the total variance ( p < 0.001), whereas the intensity of human use (pre- vs. post-activity) explained only 2.8% of the variance ( p = 0.035), with a non-significant interaction term ( p = 0.178). These findings demonstrate that sports surfaces are living biological landscapes whose microbial fingerprint is strongly associated with specific surface types. This provides a molecular baseline for targeted hygiene interventions and future antimicrobial-material design tailored to specific athletic disciplines.",308,,0,,,0,,Int. J. Mol. Sci.,,1422-0067,2026-08-18,,,27,16,7372,Article,,,Magdalena Dowgiałło | Magdalena Kropidłowska | Patrizia Proia | Beata Łubkowska,Magdalena Dowgiałło,4,,,,True,https://www.mdpi.com/1422-0067/27/16/7372/pdf?version=1787304786,,,0,0,skin microbiome,1.0,False,2026-09-11T01:21:44+00:00,,
10.3390/jcm15166353,skin microbiome,10.3390/jcm15166353,https://doi.org/10.3390/jcm15166353,https://www.mdpi.com/2077-0383/15/16/6353,/2077-0383/15/16/6353,Occupational Contact Dermatitis in the Post-COVID Era: From Barrier Dysfunction and Microbiome Dysbiosis to Prevention and Precision Management,"Background/Objectives: Occupational contact dermatitis (OCD) is the most common work-related skin disease, accounting for roughly 90–95% of occupational dermatoses and falling predominantly on the hands. It is rarely dangerous yet imposes a substantial burden through impaired quality of life, lost productivity, and premature exit from affected trades. The COVID-19 pandemic intensified this burden among healthcare workers, in whom the pooled one-year prevalence of self-reported hand eczema reaches around 27%; meta-analytic data link the increased risk principally to frequent handwashing and wet work rather than to alcohol-based hand rub. Methods: This narrative review, which follows a non-systematic, thematically organised search strategy rather than PRISMA methodology, integrates current evidence on the epidemiology, pathophysiology, diagnosis, prevention, and management of OCD, with particular emphasis on the self-reinforcing cycle linking skin barrier disruption, microbiome dysbiosis, and antimicrobial-peptide dysregulation to inflammation. Results: We critically appraise the prevention evidence, foregrounding the low certainty of the existing trial base and the tension between the randomised trials of primary and secondary prevention, which have been null, and the encouraging but uncontrolled results of structured tertiary-prevention programmes. We summarise recent therapeutic advances, including topical delgocitinib, and situate the field within the World Health Organisation’s 2025 recognition of skin diseases as a global public health priority. Established evidence and hypotheses are kept separate throughout: we additionally advance, explicitly as a conjecture rather than as a demonstrated mechanism, a conceptual trans-kingdom dialogue model in which protease-generated LL-37 fragments may modulate staphylococcal quorum sensing, and each step of that model is labelled according to whether the supporting evidence is direct, extrapolated, or as yet untested. Conclusions: We argue that the prevention failure is less one of biology than of trial design and measurement, and outline the research needed to close the gap.",289,,0,,,0,,J. Clin. Med.,,2077-0383,2026-08-17,,,15,16,6353,Review,,,Laura Maghiar | Andrada Iftode | Teodor-Andrei Maghiar | Raul Chioibas | Titus Grecu | Carmen Neamțu | Sandor Mircea Ioan | Cristina-Adriana Dehelean | Cristina Dumitrescu | Andreea-Adriana Neamțu,Laura Maghiar,10,,,,True,https://www.mdpi.com/2077-0383/15/16/6353/pdf?version=1787039496,,,0,0,skin microbiome,1.0,False,2026-09-11T01:21:44+00:00,,
10.3390/microorganisms14081784,skin microbiome,10.3390/microorganisms14081784,https://doi.org/10.3390/microorganisms14081784,https://www.mdpi.com/2076-2607/14/8/1784,/2076-2607/14/8/1784,"Correction: Nicholas-Haizelden et al. Bioprospecting the Skin Microbiome: Advances in Therapeutics and Personal Care Products. Microorganisms 2023, 11 , 1899",In the original publication [...],5,,0,,,0,,Microorganisms,,2076-2607,2026-08-13,,,14,8,1784,Correction,,,Keir Nicholas-Haizelden | Barry Murphy | Michael Hoptroff | Malcolm J. Horsburgh,Keir Nicholas-Haizelden,4,,,,True,https://www.mdpi.com/2076-2607/14/8/1784/pdf?version=1787132223,,,0,0,skin microbiome,1.0,False,2026-09-11T01:21:44+00:00,,
10.3390/jcm15166256,skin microbiome,10.3390/jcm15166256,https://doi.org/10.3390/jcm15166256,https://www.mdpi.com/2077-0383/15/16/6256,/2077-0383/15/16/6256,Intrinsic Dysregulation and Environmental Modifiers in Hidradenitis Suppurativa: Toward an Integrated Pathophysiologic Model,"Hidradenitis suppurativa (HS) is increasingly recognized as a disorder of intrinsic dysregulation at the intersection of genetic susceptibility, host–microbial interactions, and hormonal signaling, with select environmental exposures acting as important secondary modifiers. This narrative review synthesizes mechanistic, clinical, and epidemiologic evidence on intrinsic and extrinsic contributors to HS pathogenesis. Genetic susceptibility for HS involves pathways regulating keratinocyte differentiation, epidermal stem cell function, and follicular architecture, including Notch signaling and transcriptional regulators such as SOX9 and KLF5. Microbiome alterations in both lesional and non-lesional skin suggest that early dysbiosis may contribute to follicular occlusion, epithelial disruption, and immune activation. Hormonal signaling, particularly androgen signaling, promotes follicular dysfunction and inflammation during periods of hormonal fluctuation, frequently aligning with the time of disease onset and flares. Environmental exposures vary considerably in the strength of supporting evidence: tobacco use and elevated body mass index have the most robust epidemiologic and mechanistic data, heat and humidity are increasingly recognized as disease activity modifiers, and evidence for air pollution and microplastics is growing. Collectively, these findings support a model in which HS arises from intrinsic follicular dysregulation shaped by genetic, microbial, and hormonal factors, with environmental exposures influencing but unlikely to independently initiate disease.",198,,0,,,0,,J. Clin. Med.,,2077-0383,2026-08-13,,,15,16,6256,Review,,,Dorsa Moslehi | Lannika Johnson | Alexandra P. Charrow | Irena Pastar,Dorsa Moslehi,4,,,,True,https://www.mdpi.com/2077-0383/15/16/6256/pdf?version=1786595185,,,0,0,skin microbiome,1.0,False,2026-09-11T01:21:44+00:00,,
10.3390/cosmetics13040203,cosmetic formulation rheology,10.3390/cosmetics13040203,https://doi.org/10.3390/cosmetics13040203,https://www.mdpi.com/2079-9284/13/4/203,/2079-9284/13/4/203,"Early Detection of Lamellar Gel Network Instability in Cosmetic Emulsions Using Rheology, Laser Diffraction, and AI-Assisted Microscopy","Standard ISO testing of cosmetic emulsions offers limited insight into the microstructural mechanisms governing long-term stability. We hypothesize that a single weight-percent increase in emulsifier concentration is sufficient to determine, through its effect on inter-bilayer junction connectivity, whether the lamellar gel network consolidates or fails. To test this, we apply a two-tier strategy combining ISO/TR 18811 testing and Turbiscan turbidimetry with rheology, laser diffraction, and AI-assisted polarized light microscopy, on two oil-in-water emulsions structured by a lamellar gel network and stabilized by Cetearyl Alcohol/Cetearyl Glucoside at 2 wt% (Emulsion A) and 3 wt% (Emulsion B) over 30 days of storage. First-tier testing distinguished formulations only at Day 30; Turbiscan index values (2.64, 1.78) stayed below threshold throughout. The second-tier protocol resolved structural divergence from Day 8 to 15, two to three weeks earlier. In Emulsion A, a transient birefringent fraction (51.5% at Day 8) preceded network disruption, droplet coalescence, and a drift of the loss tangent toward more liquid-like values. In Emulsion B, birefringence expanded to 98.4% by Day 30 and the loss tangent declined to 0.325. These results indicate that a 1 wt% difference in emulsifier concentration, within a range of industrial use, is sufficient to determine whether the lamellar gel network consolidates or fails, and that combining rheology, laser diffraction and AI-assisted microscopy resolves this divergence two to three weeks before conventional ISO criteria are met.",228,,0,,,0,,Cosmetics,,2079-9284,2026-08-12,,,13,4,203,Article,,,Axel Viton | Raphaël Coatmeur | Béatrice Anthouard | Magalie Claeys-Bruno | Christophe Sauzet | Philippe Piccerelle,Axel Viton,6,,,,True,https://www.mdpi.com/2079-9284/13/4/203/pdf?version=1786517706,,,0,0,cosmetic formulation rheology | surfactant skin barrier disruption,1.0,False,2026-09-15T13:37:17+00:00,,
10.3390/cosmetics13040197,skin microbiome cosmetic,10.3390/cosmetics13040197,https://doi.org/10.3390/cosmetics13040197,https://www.mdpi.com/2079-9284/13/4/197,/2079-9284/13/4/197,Biotics for Acne-Prone Skin and Scalp Disorders: A Scoping Review,"Background/Objectives: The skin microbiome maintains barrier integrity, immune homeostasis, and pathogen defense; dysbiosis contributes to acne vulgaris, dandruff, seborrheic dermatitis, atopic dermatitis, psoriasis, and alopecia. This scoping review critically appraised evidence on prebiotics, probiotics, synbiotics, postbiotics, and paraprobiotics in dermo-cosmetics for acne vulgaris and scalp disorders. Methods: A scoping search (2006–2026) covered SciELO, PubMed/PMC, Google Scholar, CAPES Portal, Scopus, Heliyon, Frontiers, Nature, Wiley, and MDPI, following PRISMA 2020 guidelines. Results: Of 1665 records, 66 were included. For acne, effective prebiotics included blackcurrant, grape seed, ginseng, trehalose, and glucomannan hydrolysate; effective probiotic strains included Streptococcus thermophilus , Bifidobacterium longum , Staphylococcus epidermidis , and Streptococcus salivarius . A synbiotic ( B. breve BR03, Lacticaseibacillus casei LC03, Ligilactobacillus salivarius LS03) reduced inflammatory lesions by 56.67% in an 8-week RCT ( n = 114). For scalp disorders, oral Lacticaseibacillus paracasei ST11 reduced dandruff by 70% vs. 23% (placebo); Lactiplantibacillus plantarum TCI999 increased hair root diameter ( n = 50, 12 weeks); a Lacticaseibacillus rhamnosus plus Bifidobacterium longum mixture improved alopecia areata by 56% vs. 30% ( n = 26, 24 weeks). Conclusions: Biotic dermo-cosmetics can modulate the cutaneous microbiome and attenuate inflammation in acne and scalp disorders, with strongest evidence for multi-strain/synbiotic formulations. Formulation stability, strain specificity, regulatory heterogeneity, and lack of standardized microbiological endpoints remain key challenges; larger standardized RCTs with active comparators are needed.",223,,0,,,0,,Cosmetics,,2079-9284,2026-08-04,,,13,4,197,Review,,,Gisele Mara Silva Gonçalves,Gisele Mara Silva Gonçalves,1,,,,True,https://www.mdpi.com/2079-9284/13/4/197/pdf?version=1785848627,,,0,0,skin microbiome cosmetic | niacinamide skin barrier,1.0,False,2026-09-11T01:25:28+00:00,,
10.3390/su18157806,cosmetic emulsion stability,10.3390/su18157806,https://doi.org/10.3390/su18157806,https://www.mdpi.com/2071-1050/18/15/7806,/2071-1050/18/15/7806,Contribution of By-Products from Moldovan Red Wines to the Circular Economy: Physicochemical Analysis and Applications,"The global wine industry generates substantial volumes of by-products, leading to significant environmental and economic challenges. This study explores the sustainable valorization of two key by-products from Moldovan red wine production—yeast lees and grape skin powder derived from autochthonous grape varieties Rară Neagră (RN) and Fetească Neagră (FN)—within the circular economy paradigm. Comprehensive physicochemical analyses demonstrated that yeast lees are a rich source of bioactive β-glucans (20.17–21.91%, w / w wet lees), proteins, and triglycerides; β-glucans of this type are reported in the literature to confer immunomodulatory and antioxidant properties, although these bioactivities were not directly evaluated in the present study. Grape skin powders exhibited high dietary fibre content and polyphenolic compounds, with FN showing superior total polyphenol content and antioxidant activity compared to RN. Advanced extraction techniques using green solvents such as glycerol, propylene glycol, and ethanol, including ultrasound-assisted methods, optimized polyphenol recovery while maintaining extract stability. Incorporation of these extracts into innovative oil-in-water cosmetic emulsions revealed notable physicochemical characteristics, with the RN extracts enhancing emulsion firmness via polyphenol–xanthan gum interactions, and the FN extracts providing high antioxidant potential without compromising texture. A preliminary single-subject biophysical assessment suggested good short-term skin compatibility, with hydration improvement and reduced transepidermal water loss in several formulations and no visible pigmentation; these observations require confirmation in a larger volunteer panel with dedicated safety testing. This work provides laboratory-scale evidence of the dual environmental and functional potential of recovering and applying Moldovan winery by-products, supporting their further development—pending pilot-scale and economic validation—as bio-ingredients for the food, cosmetic, and pharmaceutical sectors within a circular bioeconomy framework.",261,,0,,,0,,Sustainability,,2071-1050,2026-08-02,,,18,15,7806,Article,,,Aurica Chirsanova | Alina Boiștean | Eugenia Covaliov | Rodica Siminiuc | Ana Chioru | Michel Grisel | Daria Terescenco | Ecaterina Gore,Aurica Chirsanova,8,,,,True,https://www.mdpi.com/2071-1050/18/15/7806/pdf?version=1785639556,,,0,0,cosmetic emulsion stability | surfactant skin barrier disruption,1.0,False,2026-09-15T14:56:18+00:00,,
10.3390/metabo16080533,ceramide lipid barrier restoration,10.3390/metabo16080533,https://doi.org/10.3390/metabo16080533,https://www.mdpi.com/2218-1989/16/8/533,/2218-1989/16/8/533,"Adipose Tissue–Central Nervous System Axis in Obesity: Molecular Mechanisms, Inflammation, and Nutritional and Technological Implications","Obesity is a multifactorial condition characterized by profound metabolic and inflammatory dysregulation that alters the adipose tissue-central nervous system (CNS) relationship. This paper critically summarizes the biochemical and cellular mechanisms governing this bidirectional crosstalk, moving beyond a descriptive perspective to propose an integrated model of peripheral-central interaction. White adipose tissue (WAT) and brown adipose tissue (BAT), modulated by the sympathetic nervous system (SNS), communicate with hypothalamic circuits (POMC and AgRP neurons) both through traditional endocrine signals (leptin, adiponectin, resistin, apelin) and through lipid mediators and extracellular vesicles (EVs) capable of crossing the blood–brain barrier (BBB). Under conditions of nutritional excess, the accumulation of lipotoxic lipid species (such as palmitate and ceramides) and the inflammatory polarization of brain macrophages (M1/BAMs) induce mitochondrial stress and central resistance to leptin and insulin, altering the adiposity set point. In parallel, we review emerging nutritional strategies based on polyunsaturated fatty acids (PUFAs), polyphenols, and short-chain fatty acids (SCFAs), and critically evaluate innovative technological platforms (nanoencapsulation, precision fermentation, and 3D food printing) designed to optimize nutrient bioaccessibility and restore adipose-CNS axis homeostasis, discussing current challenges for clinical translation.",182,,0,,,0,,Metabolites,,2218-1989,2026-07-29,,,16,8,533,Review,,,Serena Castelli | Gilda Aiello | Alessandra De Bruno | Deborah Fratantonio | Gianluca Tripodi | Vincenzo Aiello | Mauro Lombardo | Sara Baldelli,Serena Castelli,8,,,,True,https://www.mdpi.com/2218-1989/16/8/533/pdf?version=1785311832,,,0,0,ceramide lipid barrier restoration | surfactant skin barrier disruption,0.75,False,2026-09-16T01:25:00+00:00,,
10.3390/w18151831,cosmetic emulsion stability,10.3390/w18151831,https://doi.org/10.3390/w18151831,https://www.mdpi.com/2073-4441/18/15/1831,/2073-4441/18/15/1831,Characteristics and Methods of Treating Cosmetic Wastewater Generated by the Cosmetics Industry: A Review of Current Research,"Cosmetic wastewater is increasingly recognized not only as a disposal problem but also as a potential source of recoverable water and formulation-derived compounds. This review critically examines the relationship between cosmetic formulation chemistry, wastewater composition, pollutant removal mechanisms, membrane separation, fouling behaviour, and reuse-oriented treatment design. Cosmetic wastewater shows high compositional variability, with reported COD values ranging from approximately 2400 mg O 2 /L to more than 100,000 mg O 2 /L, depending on product type, cleaning practices, and raw material losses. Surfactants, emulsifiers, oils, polymeric thickeners, preservatives, fragrances, UV filters, dyes, and microplastics contribute differently to organic load, emulsion stability, toxicity, and treatment resistance. Conventional treatment processes reduce coarse, suspended, emulsified, and biodegradable fractions, but they are limited by low biodegradability, sludge generation, inhibitory compounds, and incomplete removal of persistent micropollutants. Advanced oxidation, adsorption, electrochemical processes, and hybrid systems can improve the transformation, phase transfer, retention, and polishing of recalcitrant compounds, with AOPs typically achieving COD removal of approximately 55–85% and hybrid systems improving overall performance by about 10–25% compared with biological treatment alone. Membrane technologies are evaluated as selective barriers enabling clarification, polishing, water reuse, and resource recovery. MBRs can remove more than 90–95% of COD and BOD 5 , while NF/RO polishing may reject more than 90–95% of selected recalcitrant organics and microcontaminants. The novelty of this review lies in shifting the discussion from end-of-pipe wastewater treatment toward source-oriented recovery, integrated treatment trains, and mechanism-based selection of technologies before cosmetic wastewater becomes diluted, mixed, and difficult to reuse.",251,,0,,,0,,Water,,2073-4441,2026-07-28,,,18,15,1831,Review,,,Agnieszka Duczmal | Mateusz Szczygiełda | Ewa Kilian-Pięta | Krystyna Prochaska,Agnieszka Duczmal,4,,,,True,https://www.mdpi.com/2073-4441/18/15/1831/pdf?version=1785224564,,,0,0,cosmetic emulsion stability | surfactant skin barrier disruption,1.0,False,2026-09-15T14:56:18+00:00,,
10.3390/cosmetics13040187,skin microbiome cosmetic,10.3390/cosmetics13040187,https://doi.org/10.3390/cosmetics13040187,https://www.mdpi.com/2079-9284/13/4/187,/2079-9284/13/4/187,"Discovery of Multifunctional Probiotic Strains with Antioxidant, Anti-Inflammatory, Antimicrobial, and Skin Barrier-Supportive Activities for Postbiotic Cosmetic Applications","Probiotic strains with multifunctional skin-beneficial properties represent promising candidates for next-generation cosmetic ingredients. In this study, a systematic stepwise screening strategy was applied to an in-house bacterial library comprising 302 isolates to identify candidates with antioxidant, anti-inflammatory, antimicrobial, wound-healing, and skin barrier-supportive activities. From this library, 33 strains were selected based on preliminary assessments and subjected to comprehensive in vitro evaluation. Cell viability and cytotoxicity assays confirmed the safety of all selected strains in RAW264.7 macrophages and HaCaT keratinocytes. Several strains exhibited strong DPPH radical scavenging activity and significantly inhibited nitric oxide production in LPS-stimulated macrophages. Among the selected candidates, Lacticaseibacillus rhamnosus DM073 demonstrated the most potent anti-inflammatory activity, whereas Lactiplantibacillus plantarum DM043 exhibited the greatest wound-healing capacity. All five selected strains displayed antimicrobial activity against Cutibacterium acnes . Furthermore, selected strains, particularly Lactiplantibacillus plantarum DM175 and Ligilactobacillus salivarius DM079, enhanced the expression of skin barrier-related genes, including zonula occludens-1 (ZO-1), occludin (OCLN), claudin-1 (Cla-1), and filaggrin (FLG), and partially restored their expression under TNF-α/IFN-γ-induced inflammatory conditions. Selected strains also reduced the expression of inflammatory chemokines in stimulated keratinocytes. Collectively, these findings demonstrate that the selected probiotic strains possess complementary multifunctional activities associated with skin health. In particular, DM073 exhibited superior anti-inflammatory activity, DM043 showed strong wound-healing potential, and DM175 demonstrated remarkable skin barrier-supportive effects. These strain-specific properties support their potential application in the development of probiotic-derived postbiotic cosmetic ingredients for skin soothing, barrier reinforcement, skin recovery, and microbiome-friendly skincare formulations. Further studies are warranted to evaluate their efficacy and safety in advanced skin models and clinical cosmetic applications.",259,,0,,,0,,Cosmetics,,2079-9284,2026-07-23,,,13,4,187,Article,,,Jeong-Hoo Lee | Jia Yoo | Young-Youn Kim | Hye-Sung Kim,Jeong-Hoo Lee,4,,,,True,https://www.mdpi.com/2079-9284/13/4/187/pdf?version=1784794720,,,0,0,skin microbiome cosmetic | niacinamide skin barrier,1.0,False,2026-09-11T01:25:28+00:00,,
10.3390/standards6030027,cosmetic emulsion stability,10.3390/standards6030027,https://doi.org/10.3390/standards6030027,https://www.mdpi.com/2305-6703/6/3/27,/2305-6703/6/3/27,Study on the Kinetics of Vitamin U Release from a Cosmetic Formulation,"S-Methylmethionine (SMM), also called vitamin U, shows antihistamine, anti-inflammatory, radioprotective and anti-irritant activity, as well as enhanced wound healing. In addition, vitamin U affects the regeneration and renewal of the skin hydrolipid mantle and offers some UVB-protective effects on the skin. Since there are currently no reports in the scientific literature concerning the release of vitamin U from cosmetic formulations, the present study was undertaken as a preliminary and exploratory pilot investigation. The research focused on evaluating the release behavior of SMM (synthetic methylmethionine), a compound recognized for its potential skin-regenerating, soothing, and protective properties, from several commonly used topical delivery systems. Therefore, the various topical formulations, including oil-in-water (O/W) and water-in-oil (W/O) emulsions, as well as hydrogel formulations, were evaluated as potential, effective vitamin U skin delivery systems. Vitamin U-loaded emulsions (O/W and W/O) differing in droplet size in the internal phase and a hydrogel were prepared. The physicochemical properties of the formulations, such as emulsion type, stability, viscosity, pH and droplet size, were evaluated. The study of vitamin U release was performed in thermostatic diffusion chambers at a temperature of T = 32 °C using the Spectra/Por Standard Regenerated Cellulose dialysis membrane. A phosphate buffer (PBS) with pH 7.4 was used as the receptor solution. The concentration of the released S-Methylmethionine was analyzed with ninhydrin-based spectrophotometric assays. The obtained results showed that the type of the formulation significantly influenced the SMM release. The highest release of SMM was observed from hydrogel and O/W emulsions.",246,,0,,,0,,Standards,,2305-6703,2026-07-16,,,6,3,27,Article,,,Małgorzata Kucia | Agnieszka Leśniak | Elżbieta Sikora,Małgorzata Kucia,3,,,,True,https://www.mdpi.com/2305-6703/6/3/27/pdf?version=1784184156,,,0,0,cosmetic emulsion stability | surfactant skin barrier disruption | topical retinoid delivery,1.0,False,2026-09-15T14:56:18+00:00,,
10.3390/cosmetics13040178,skin microbiome cosmetic,10.3390/cosmetics13040178,https://doi.org/10.3390/cosmetics13040178,https://www.mdpi.com/2079-9284/13/4/178,/2079-9284/13/4/178,Heat-Treated Lacticaseibacillus rhamnosus Skinbac™ SB06 Modulates Axillary Malodor-Associated Bacteria In Vitro and Demonstrates Antiperspirant and Deodorant Efficacy In Vivo,"Background : The axillary microbiome is a major contributor to body malodor generation through bacterial metabolism of apocrine and eccrine secretions. Dysbiosis of this microbial community, particularly through overgrowth of odorigenic species such as Staphylococcus aureus , is associated with increased volatile compound production and local skin inflammation. Heat-treated postbiotics represent a promising class of cosmetic ingredients combining microbiological safety with retained bioactive properties. Objective : We aimed to evaluate the in vitro safety, molecular mechanisms, antipathogen and anti-inflammatory properties of heat-treated Lacticaseibacillus rhamnosus Skinbac™ SB06, and to assess the antiperspirant and deodorant efficacy of a deodorant spray formulation containing 1% SB06 in a controlled clinical study. Methods : In vitro studies assessed cytotoxicity (MTT/LDH assays), Aquaporin-3 (AQP3) expression, reactive oxygen species (ROS) production, antipathogen activity against Staphylococcus aureus (AlamarBlue assay), cytokine modulation (TNF-α, IL-6, IL-8, IL-23) in Normal Human Epidermal Keratinocytes (NHEK) and Peripheral Blood Mononuclear Cells (PBMCs), and axillary microbiome compatibility against Corynebacterium striatum , Staphylococcus epidermidis , and Staphylococcus hominis by viable plate count (CFU/mL). Clinically, a randomized split-body study ( n = 20) evaluated antiperspirant effectiveness by gravimetric sweat collection and deodorant efficacy by expert olfactory panel (Likert 1–5) at 24 and 48 h. Results: In vitro testing confirmed the safety of SB06 (MTT and LDH, both non-significant vs. control). SB06 significantly increased AQP3 expression (+20%, p < 0.001) and significantly reduced ROS production (−48%, p < 0.05). Antipathogen testing showed significant reduction in S. aureus planktonic viability (−7%, p < 0.05). Microbiome compatibility testing on selected axillary-associated strains showed a differential compatibility profile, with the strongest inhibitory effect observed for C. striatum (13% residual viability at T24h, corresponding to 87% inhibition), near-complete preservation of S. epidermidis (92% residual viability at T48h), and a mild reduction in S. hominis (−15% at T48h). Cytokine modulation showed significant IL-8 and IL-23 reduction in NHEK (both p ≤ 0.05) and immunostimulatory activity in PBMCs. Clinically, SB06 reduced sweat production vs. placebo by −21.8% at T24 ( p = 0.0009) and −10.0% at T48 ( p = 0.0495), with significantly lower odor intensity at both timepoints (median score 3 vs. 4, p < 0.0001). Conclusions: Heat-treated L. rhamnosus SB06 showed a multimodal in vitro profile including antipathogen, anti-inflammatory, antioxidant, and AQP3-upregulating activities, and was associated with statistically significant antiperspirant and deodorant effects in a randomized controlled split-body study. These findings are consistent with SB06 being a functional postbiotic ingredient with potential for deodorant and antiperspirant applications, pending confirmation in larger controlled studies.",412,,0,,,0,,Cosmetics,,2079-9284,2026-07-10,,,13,4,178,Article,,,Giovanni Deusebio | Annalisa Visciglia | Angela Amoruso | Marco Pane,Giovanni Deusebio,4,,,,True,https://www.mdpi.com/2079-9284/13/4/178/pdf?version=1783681903,,,0,0,skin microbiome cosmetic | niacinamide skin barrier,1.0,False,2026-09-11T01:25:28+00:00,,
10.3390/cells15141235,nanocarrier delivery epidermal penetration,10.3390/cells15141235,https://doi.org/10.3390/cells15141235,https://www.mdpi.com/2073-4409/15/14/1235,/2073-4409/15/14/1235,Membrane Fusion-Based Mirabilis Himalaica-Derived Exosome-like Nanoparticles Fused with Cell-Penetrating Peptide Mediated for Chebulinic Acid Delivery Against UVA-Induced Photoaging,"Exposure to ultraviolet (UV), particularly UVA radiation, is a primary driver of photoaging due to its deep dermal penetration, which triggers DNA damage, collagen degradation, and immune suppression. Chebulinic acid (CA), a polyphenolic compound from Terminalia chebula , exhibits potent antioxidant and anti-inflammatory properties against UVB-induced skin damage. However, its large molecular weight hinders transdermal delivery and the TAT 47–57 peptide (core of HIV-1 TAT) enables rapid transmembrane transport. Large particles with double-layer membrane structure and a diameter exceeding 1000 nm were obtained during the separation of plant-derived exosome-like nanoparticles (PELNs), which are not considered as PELNs (50–500 nm), after a mixture with TAT anchored to the surface of engineered artificial vesicles (EAVs) and extrusion causes membrane fusion, employed as novel nanocarriers to overcome the difficulty in skin penetration by leveraging their lipid bilayer structure and surface membrane-anchored TAT for efficient epidermal fusion and intercellular penetration. Furthermore, CA-loaded TAT-ePELNs demonstrate significant efficacy in mitigating UVA-induced photoaging. Collectively, this study expands the anti-UVR damage application spectrum of CA from UVB to UVA exposure and establishes a green, efficient, and biosafe strategy for transdermal drug delivery by utilization of non-PELNs generated during the preparation process of PELNs.",195,,0,,,0,,Cells,,2073-4409,2026-07-08,,,15,14,1235,Article,,,Weiwei Zhao | Siqi Yang | Ruobing Liu | Chaozhi Liu | Jing Zhang | Ying Liu | Guihong Sun | Mingxiong Guo,Weiwei Zhao,8,,,,True,https://www.mdpi.com/2073-4409/15/14/1235/pdf?version=1783590752,,,0,0,nanocarrier delivery epidermal penetration | ceramide lipid barrier repair | surfactant skin microbiome disruption,1.0,False,2026-09-11T08:59:52+00:00,,
10.3390/antibiotics15070649,cosmetic formulation microbiome stability,10.3390/antibiotics15070649,https://doi.org/10.3390/antibiotics15070649,https://www.mdpi.com/2079-6382/15/7/649,/2079-6382/15/7/649,"Antimicrobial Peptides, Bacteriocins and Mycocins as Natural Antimicrobials: Applications in Food Safety, Agriculture and Healthcare","The growing concern over antimicrobial resistance and the increasing demand for safer and more sustainable antimicrobial strategies have driven extensive research into peptide-based natural antimicrobials. This review focuses specifically on antimicrobial peptides (AMPs), bacteriocins and mycocins as peptide- or proteinaceous antimicrobial compounds with potential applications as active ingredients, biopreservatives and antimicrobial tools. These compounds exhibit activity against spoilage and pathogenic microorganisms and are increasingly being explored in food safety, agriculture, cosmetics, animal health and human healthcare. AMPs, bacteriocins and mycocins act through diverse and sometimes overlapping mechanisms, including membrane disruption, pore formation, inhibition of cell wall biosynthesis, interference with intracellular targets, induction of oxidative stress and modulation of host or microbial responses. These mechanisms support their potential use in food biopreservation, crop protection, biofungicide and biopesticide development, topical antimicrobial formulations, cosmetic preservation, antibiofilm strategies and adjunctive therapeutic approaches. Recent advances in encapsulation, peptide engineering, recombinant production, nanodelivery and combination strategies with conventional antibiotics, hurdle technologies or other natural antimicrobials have improved the stability, bioavailability and antimicrobial efficacy of these compounds in experimental systems. However, broader translation remains limited by several major challenges. These include proteolytic degradation, reduced stability in complex matrices, context-dependent antimicrobial activity, possible toxicity, resistance development, high production and purification costs, formulation difficulties, scale-up limitations and regulatory constraints. Further validation is also needed regarding safety, microbiome impact, environmental fate and performance under realistic food-preservation, agricultural, cosmetic and clinical conditions. This review summarises and compares the diversity, mechanisms, applications and translational challenges of AMPs, bacteriocins and mycocins across food safety, sustainable agriculture, cosmetics, animal health and healthcare. It also discusses the main challenges that must be addressed before broader translation, including resistance risk, stability, formulation, scale-up, safety assessment and regulatory approval.",282,,0,,,0,,Antibiotics,,2079-6382,2026-06-30,,,15,7,649,Review,,,Patrícia Branco | Elisabete Muchagato Maurício | Luís R. Raposo | Catarina Roma-Rodrigues,Patrícia Branco,4,,,,True,https://www.mdpi.com/2079-6382/15/7/649/pdf?version=1782805855,,,0,0,cosmetic formulation microbiome stability,1.0,False,2026-09-15T17:41:26+00:00,,
10.3390/app16136444,cosmetic emulsion stability,10.3390/app16136444,https://doi.org/10.3390/app16136444,https://www.mdpi.com/2076-3417/16/13/6444,/2076-3417/16/13/6444,Plant-Derived By-Products as Multifunctional Ingredients in Sustainable Cosmetic Emulsions: Concentration-Dependent Effects of Orange Peel Microparticles,"The introduction of regulations restricting the use of microplastics in cosmetics, combined with the growing demand for sustainable cosmetic formulations and the continuing consumer interest in naturally derived ingredients, increases the need to develop alternative functional materials. The aim of this study was to evaluate the effect of plant-derived microparticles obtained from agro-industrial fruit by-products (orange peel) on the properties of cosmetic emulsions as a function of their concentration. Model emulsions containing 0–5% orange peel microparticles were prepared and analyzed in terms of physicochemical properties (viscosity, pH, color, stability), sensory characteristics, antioxidant activity (DPPH), and their impact on skin biophysical and optical parameters. Results showed that increasing microparticle concentration significantly enhanced emulsion viscosity (from 17,000 to 36,000 mPa·s) and antioxidant activity (from 13% to 77% DPPH inhibition). Application studies revealed a 54% increase in skin hydration and a fourfold reduction in transepidermal water loss (from 24 to 6 g/m 2 /h) for formulations with the highest concentration. However, concentrations containing 3-5% led to reduced emulsion stability. Although higher concentrations (4–5%) provided stronger antioxidant and skin-related effects, the 2% formulation provided the most favorable balance between physical stability, functional performance, sensory acceptance, and formulation appearance. These findings indicate that natural microparticles derived from orange peel can serve as multifunctional, sustainable ingredients in cosmetic emulsions, providing structuring, antioxidant, and skin-barrier-supporting effects.",219,,0,,,0,,Appl. Sci.,,2076-3417,2026-06-28,,,16,13,6444,Article,,,Katarzyna Sarna | Emilia Klimaszewska | Marta Ogorzałek | Tomasz Wasilewski,Katarzyna Sarna,4,,,,True,https://www.mdpi.com/2076-3417/16/13/6444/pdf?version=1782651738,,,0,0,cosmetic emulsion stability | surfactant skin barrier disruption,1.0,False,2026-09-15T14:56:18+00:00,,
10.3390/cells15121130,ceramide lipid barrier restoration,10.3390/cells15121130,https://doi.org/10.3390/cells15121130,https://www.mdpi.com/2073-4409/15/12/1130,/2073-4409/15/12/1130,IL-4/IL-13-Driven Dysregulation of Epidermal Lipid Metabolism in Atopic Dermatitis: An Immunometabolic Link Between Type 2 Inflammation and Barrier Dysfunction,"Atopic dermatitis (AD) is a chronic immune-mediated inflammatory skin disease characterized by a complex and dynamic interplay between immune dysregulation and epidermal barrier dysfunction. Emerging evidence supports an integrated pathogenic model in which immune activation and barrier impairment form a bidirectional and self-reinforcing axis rather than representing separate processes. This review synthesizes current knowledge on the role of IL-4/IL-13-dependent signaling in regulating keratinocyte lipid metabolism and its impact on epidermal barrier integrity. IL-4/IL-13 signaling via the JAK-STAT pathway, particularly STAT6, contributes to keratinocyte dysfunction, resulting in impaired differentiation and coordinated alterations in lipid metabolism, including fatty acid elongation and ceramide synthesis. These cytokine-driven processes disrupt the organization of the stratum corneum lipid matrix, resulting in increased transepidermal water loss, enhanced skin permeability, and susceptibility to microbial colonization, thereby promoting chronic inflammation. Collectively, these findings support the concept that IL-4/IL-13-mediated dysregulation of keratinocyte lipid metabolism may represent an important immunometabolic mechanism linking type 2 inflammation with secondary barrier dysfunction in atopic dermatitis, thereby contributing to disease persistence. Targeting both immune pathways and epidermal lipid homeostasis may represent an effective strategy to restore barrier function and improve clinical outcomes.",187,,0,,,0,,Cells,,2073-4409,2026-06-22,,,15,12,1130,Review,,,Klara Andrzejczak | Agata Sternak | Wiktor Witkowski | Aleksandra Flak | Joanna Maj | Małgorzata Ponikowska,Klara Andrzejczak,6,,,,True,https://www.mdpi.com/2073-4409/15/12/1130/pdf?version=1782294445,,,0,0,ceramide lipid barrier restoration | surfactant skin barrier disruption,0.75,False,2026-09-16T01:25:00+00:00,,
10.3390/ijms27125580,ceramide lipid barrier restoration,10.3390/ijms27125580,https://doi.org/10.3390/ijms27125580,https://www.mdpi.com/1422-0067/27/12/5580,/1422-0067/27/12/5580,Lipid Metabolism Reprogramming in the Aging Brain: Glial-Mediated Pathogenic Mechanisms and Translational Strategies in Neurodegeneration,"The mammalian brain fundamentally relies on precise lipid homeostasis to maintain structural integrity and complex neural signaling. Emerging evidence positions lipid metabolism reprogramming not merely as a secondary pathological byproduct but as a core initiating driver of age-related neurodegenerative diseases. This review systematically evaluates the mechanisms of cerebral lipid dyshomeostasis during brain aging, highlighting glial cells as the central mediators of this pathological cascade. We comprehensively dissect the age-associated “lipid drift”, emphasizing apolipoprotein E (APOE)-induced cholesterol transport defects and lipid raft pathology, the accumulation of lipid droplets that triggers microglial metabolic stress (LDAMs), and ceramide-driven neuronal apoptosis coupled with the exosome-mediated propagation of pathogenic proteins. Furthermore, we map these aberrant lipid networks to specific pathological signatures in Alzheimer’s, Parkinson’s, and demyelinating diseases. Finally, we critically evaluate promising therapeutic interventions, including nutritional strategies, LXR/RXR agonists, and nanotechnology-enabled delivery systems designed to bypass the blood–brain barrier. By integrating high-throughput lipidomics for early diagnostic biomarker discovery, we underscore the translational imperative of restoring cerebral lipid homeostasis as a disease-modifying strategy for neurodegeneration.",169,,0,,,0,,Int. J. Mol. Sci.,,1422-0067,2026-06-20,,,27,12,5580,Review,,,Wei Shao | Kai Wang | Yongchao Liu | Haojia Zhang | Zijin Sun | Rui Zhou,Wei Shao,6,,,,True,https://www.mdpi.com/1422-0067/27/12/5580/pdf?version=1782366690,,,0,0,ceramide lipid barrier restoration | surfactant skin barrier disruption,0.75,False,2026-09-16T01:25:00+00:00,,
10.3390/eng7060302,cosmetic emulsion stability,10.3390/eng7060302,https://doi.org/10.3390/eng7060302,https://www.mdpi.com/2673-4117/7/6/302,/2673-4117/7/6/302,Efficient Immobilization of Lipase in Porous Polymer for Catalysis and Optimization of Esterification by Response Surface Methodology,"Flavor esters are valuable compounds widely used in the food, beverage, and cosmetics industries for their aroma and flavor-enhancing properties. Traditional methods of obtaining these compounds, such as extraction from natural sources or chemical synthesis, present challenges related to cost and toxicity, respectively. Enzymatic synthesis, particularly using immobilized lipases, offers a sustainable and efficient alternative. This study investigates the application of CRL immobilized on Diaion HP-20 for geranyl butyrate synthesis via esterification of geraniol and butanoic acid using Candida rugosa lipase (CRL) immobilized on Diaion HP-20 (CRL-DHP-20). The immobilization process resulted in a protein loading of 29.6 ± 2.2 mg/g support from an initial 40 mg/g, and the immobilized biocatalyst exhibited a hydrolytic activity of 124.0 ± 2.5 U/g using olive oil emulsion. Reaction conditions were optimized through a central composite design, evaluating the influence of biocatalyst concentration, temperature, and agitation on ester conversion. The optimal conditions (13.4% CRL-DHP-20, 48.2 °C, and 220.1 rpm) led to 85.4% conversion in 360 min. Additionally, CRL-DHP-20 retained 84% of its initial activity after six reaction cycles, indicating good operational stability. These findings highlight the potential of CRL-DHP-20 as an effective and reusable biocatalyst for green synthesis of flavor esters.",196,,0,,,0,,Eng,,2673-4117,2026-06-20,,,7,6,302,Article,,,Eliézer Luz do Espírito Santo | Sabryna Couto Araujo | Igor Carvalho Fontes Sampaio | Isabela Viana Lopes de Moura | Adriano Aguiar Mendes | Erik Galvão Paranhos da Silva | Marcelo Franco | Julieta Rangel de Oliveira,Eliézer Luz do Espírito Santo,8,,,,True,https://www.mdpi.com/2673-4117/7/6/302/pdf?version=1781957216,,,0,0,cosmetic emulsion stability,1.0,False,2026-09-15T14:56:18+00:00,,
10.3390/cosmetics13030149,cosmetic formulation rheology,10.3390/cosmetics13030149,https://doi.org/10.3390/cosmetics13030149,https://www.mdpi.com/2079-9284/13/3/149,/2079-9284/13/3/149,"Kraft Nanolignin as a Multifunctional Bio-Based Ingredient in Cosmetic O/W Emulsions: Stability, Sunscreen and Antioxidant Performance","In the present work, oil-in-water (O/W) cosmetic emulsions containing nanolignin (NL) at 0.35, 1, and 2% w / w were developed using a single multifunctional nanoadditive concept, whereby NL simultaneously acts as an antioxidant, rheology modifier, and color/sunscreen booster. Nanolignin was characterized by FTIR, DLS, and SEM, confirming its chemical structure and nanoscale particle size. The emulsions were evaluated in terms of pH and viscosity stability, rheological behavior, colorimetric CIELAB parameters, DPPH radical scavenging activity, and in vitro sun protection factor (SPF). Incorporation of NL led to a slight pH decrease relative to the blank formulation, while maintaining values within the acceptable cosmetic range (pH 4–6), and yielded emulsions with excellent pH and viscosity stability over 28 days of storage. Increasing the NL concentration modified the rheological profile and viscosity, as well as the L*, a*, and b* color coordinates, enabling tunable visual appearance and texture. All formulations exhibited high antioxidant capacity; notably, the NL_1% emulsion displayed higher radical scavenging activity than the NL_2% system, underscoring a non-linear structure–property relationship. SPF values ranged between 14.09 ± 0.875 and 22.29 ± 1.719, demonstrating that nanolignin can enhance photoprotective performance. Overall, this study highlights the potential of nanolignin as a single multifunctional nanoadditive for designing stable, antioxidant, and photoprotective cosmetic O/W emulsions with adjustable rheology and color.",215,,0,,,0,,Cosmetics,,2079-9284,2026-06-10,,,13,3,149,Article,,,Nikolaos Bikiaris | Nikoleta Kioleoglou | Nikolaos Nikolaidis,Nikolaos Bikiaris,3,,,,True,https://www.mdpi.com/2079-9284/13/3/149/pdf?version=1781101740,,,0,0,cosmetic formulation rheology,1.0,False,2026-09-15T13:37:17+00:00,,
10.3390/applmicrobiol6060069,skin microbiome cosmetic,10.3390/applmicrobiol6060069,https://doi.org/10.3390/applmicrobiol6060069,https://www.mdpi.com/2673-8007/6/6/69,/2673-8007/6/6/69,Probiotic and Postbiotic Approaches in Modern Dermocosmetics,"The skin microbiome is essential for epidermal barrier integrity and immune homeostasis. This review explores the therapeutic shift in dermo-cosmetics toward probiotic, prebiotic, synbiotic, and postbiotic strategies for managing wound healing, “inflammaging”, and chronic dermatoses like acne, atopic dermatitis (AD), psoriasis, and rosacea. Mechanisms include gut–skin axis modulation, competitive pathogen exclusion, and the suppression of inflammatory pathways (e.g., NF-κB). While live probiotics demonstrate high clinical efficacy, their formulation is severely hindered by standard cosmetic preservatives and manufacturing thermal stress. Consequently, evidence suggests inanimate postbiotics have emerged as promising, stable alternatives, which may offer antimicrobial and tissue-repairing benefits without strict cold-chain requirements. However, the industry faces significant regulatory ambiguity and “probiotic-washing”, with most commercial products mislabeling postbiotic lysates as live cultures. Advancing this field requires standardized sampling protocols and transparent labeling. Ultimately, precision dermatology is likely to be driven by AI-assisted microbiome profiling, synthetic biology, and advanced delivery matrices (e.g., electrospun nanofibers, alginate microencapsulation), transforming skincare from reactive treatments into proactive, targeted ecological management.",163,,0,,,0,,Appl. Microbiol.,,2673-8007,2026-06-09,,,6,6,69,Review,,,Nicole Moreira | Iuri Machado | José Ribeiro | Marco Prazeres | Rafael Lopez | Carlos A. Pinto | Jorge A. Saraiva,Nicole Moreira,7,,,,True,https://www.mdpi.com/2673-8007/6/6/69/pdf?version=1781013411,,,0,0,skin microbiome cosmetic | niacinamide skin barrier,1.0,False,2026-09-11T01:25:28+00:00,,
10.3390/jcm15124435,topical retinoid delivery systems,10.3390/jcm15124435,https://doi.org/10.3390/jcm15124435,https://www.mdpi.com/2077-0383/15/12/4435,/2077-0383/15/12/4435,"An Innovative Dendrimer-Based Retinol Delivery System for Xerosis Care: Stability, Tolerance, and Sustained Hydration","Background: Retinol is a mainstay of dermatological care due to its central role in epidermal differentiation, skin barrier repair, and tissue regeneration. However, its clinical use is limited by poor physicochemical stability, rapid photodegradation, and frequent skin intolerance, particularly in individuals with impaired skin barrier function. Supramolecular biovectorization strategies could overcome these limitations. Objectives: This study aimed to evaluate the impact of third-generation dendritic poly-L-lysine (PLL_G3; 22 kDa, ~7 nm) on retinol stability, skin tolerance, and skin functional performance. Methods: A supramolecular retinol-poly-L-lysine complex was characterized in terms of encapsulation efficiency and physicochemical stability using HPLC and UV spectroscopy under oxidative, thermal, and photochemical stress. The stability of the formulation was evaluated as hydrophilic emulsion over a three-month period. Skin functional efficacy was evaluated by corneometric analysis of stratum corneum hydration after topical application, as well as by clinical assessment of tolerance and efficacy after repeated daily use over 28 days in subjects presenting xerosis, defined as dry to very dry skin. Results: Retinol remained structurally intact in the PLL_G3 matrix, confirming a reversible, non-covalent encapsulation mechanism. The formulation exhibited high physicochemical stability, with only minimal changes after prolonged UV exposure. Corneometric measurements showed a rapid and sustained increase in skin hydration, reaching +61.5% two hours after application. After 28 days of repeated use, the formulation was well tolerated, with no signs of irritation or sensitization, and demonstrated significant improvements in skin dryness, suppleness, and comfort. Conclusions: PLL_G3-based supramolecular vectorization significantly improves stability, tolerance, and functional hydration of the skin by retinol. By enabling controlled release while preserving the integrity of the epidermal barrier, poly-L-lysine dendrimers represent a clinically relevant strategy for safer and more effective topical use of retinol, particularly on sensitive, xerotic, inflammatory, and photoaged skin.",288,,0,,,0,,J. Clin. Med.,,2077-0383,2026-06-08,,,15,12,4435,Article,,,Hafid Belhadj-Tahar | Lamri Naidja,Hafid Belhadj-Tahar,2,,,,True,https://www.mdpi.com/2077-0383/15/12/4435/pdf?version=1781082640,,,0,0,topical retinoid delivery systems | cosmetic formulation rheology | surfactant skin barrier disruption,0.5,False,2026-09-15T13:37:24+00:00,,
10.3390/cosmetics13030145,topical retinoid delivery systems,10.3390/cosmetics13030145,https://doi.org/10.3390/cosmetics13030145,https://www.mdpi.com/2079-9284/13/3/145,/2079-9284/13/3/145,"Biopolymeric Delivery Systems Enriched with Melaleuca alternifolia , Mentha piperita , and Polyhydroxy Acids for Acne Management: A Narrative Review","Acne vulgaris is a prevalent inflammatory disorder of the pilosebaceous unit involving follicular hyperkeratinization, altered sebum production, Cutibacterium acnes proliferation, microbiome imbalance, and immune activation. Although antibiotics, retinoids, benzoyl peroxide, and keratolytic agents remain central to clinical management, their long-term use may be limited by irritation, recurrence, adherence issues, and increasing antimicrobial resistance. This narrative review critically evaluates the dermatological relevance of Melaleuca alternifolia tea tree essential oil (TTEO), Mentha piperita peppermint essential oil (PPEO), and polyhydroxy acids (PHAs), as well as their incorporation into biopolymeric delivery systems for acne-oriented topical applications. Following SANRA principles, evidence from clinical, preclinical, ex vivo, and in vitro studies was synthesized, with emphasis on antimicrobial activity, inflammatory modulation, keratolytic and barrier-supportive effects, formulation stability, and release behavior. TTEO shows the strongest clinical support among the reviewed natural bioactives, including reductions in lesion counts and acne severity when applied as conventional or nanoemulsion-based formulations. PPEO is mainly supported by experimental evidence, particularly antimicrobial activity against acne-associated microorganisms, anti-inflammatory potential, and menthol-related neurocutaneous effects, whereas acne-specific clinical validation remains limited. PHAs, particularly gluconolactone, are better supported for barrier improvement, hydration, tolerability, and seboregulation than for direct acne lesion reduction. Hydrogels, electrospun nanofibers, polymeric films, nanoencapsulation systems, and controlled-release platforms may improve local retention, protect volatile or irritation-prone compounds, and modulate active release at the skin surface. However, most biopolymeric platforms still rely on early-stage or indirect dermatological evidence. Overall, biopolymeric delivery systems offer a rational formulation strategy to improve the stability, tolerability, and localized action of selected acne-relevant bioactives, but their clinical translation requires standardized composition, reproducible fabrication, skin-relevant release assays, safety assessment, and controlled human studies.",271,,0,,,0,,Cosmetics,,2079-9284,2026-06-03,,,13,3,145,Review,,,Mireya Suárez-Pérez | Octavio Dublán-García | Ana Gabriela Morachis-Valdez | Karinne Saucedo-Vence | Manuel Reinhart Kirchmayr | Francisco Antonio López-Medina | Guadalupe López-García | Ángel Santillán-Álvarez | Gerardo Heredia-García | Daniel Díaz-Bandera | Roxana Valdés-Ramos,Mireya Suárez-Pérez,11,,,,True,https://www.mdpi.com/2079-9284/13/3/145/pdf?version=1780533607,,,0,0,topical retinoid delivery systems | cosmetic formulation rheology | surfactant skin barrier disruption,1.0,False,2026-09-15T13:37:24+00:00,,
10.3390/cosmetics13030135,cosmetic emulsion stability,10.3390/cosmetics13030135,https://doi.org/10.3390/cosmetics13030135,https://www.mdpi.com/2079-9284/13/3/135,/2079-9284/13/3/135,Valorizing Sicilian Grape Pomace for Sustainable Nanocosmetic Applications,"(1) Background: Grape pomace (GP), a major by-product of winemaking, is a sustainable source of bioactive polyphenols with antioxidant, anti-inflammatory, and antimicrobial properties, although their instability limits cosmetic applications. This study aimed to valorize GP through a green extraction process and improve its incorporation and apparent stability in cosmetic formulations through SLN-based systems. (2) Methods: GP extracts were obtained using an eco-friendly extraction method and encapsulated using a W/O/W double emulsion-solvent evaporation technique; nanoparticles were characterized (size, polydispersity, zeta potential) and incorporated into cosmetic formulations compared with a blank and a formulation containing free extract. (3) Results: GP-SLNs exhibited suitable physicochemical properties and preserved antioxidant activity, as confirmed by DPPH and ORAC assays; SLN incorporation appeared to preliminarily improve the photostability profile of the formulation under UVA irradiation conditions; in vivo tests showed enhanced skin hydration and moderate occlusivity, while stability studies confirmed consistent color, odor, pH, and viscosity over 60 days; microbiological analyses demonstrated safety and concentration-dependent antimicrobial activity. (4) Conclusions: SLN encapsulation preserved GP bioactivity and improved formulation stability and performance, supporting its potential use in multifunctional cosmetic products.",181,,0,,,0,,Cosmetics,,2079-9284,2026-05-29,,,13,3,135,Article,,,Chiara Leonardi | Claudia Sciacca | Vera Muccilli | Nunzio Cardullo | Debora Santonocito | Carmelo Puglia,Chiara Leonardi,6,,,,True,https://www.mdpi.com/2079-9284/13/3/135/pdf?version=1780564435,,,0,0,cosmetic emulsion stability | surfactant skin barrier disruption,1.0,False,2026-09-15T14:56:18+00:00,,
10.3390/pr14111759,cosmetic emulsion stability,10.3390/pr14111759,https://doi.org/10.3390/pr14111759,https://www.mdpi.com/2227-9717/14/11/1759,/2227-9717/14/11/1759,Applications of Spirulina Biomass in Cosmetics Processing: A Study on Antioxidant Activity and Formulation Stability,"Spirulina ( Limnospira ) is a cyanobacterium rich in bioactive compounds, making it a sustainable and innovative biotechnological ingredient for the cosmetics industry. It meets the demand for non-animal-derived, multifunctional products for skin and hair care. In this study, Spirulina biomass was incorporated into shampoo (0.01%) and emulsion (5%) formulations, which, along with their respective controls, were subjected to cosmetic stability tests. Color, pH, and viscosity were analyzed at the initial time (T0) and after 24 h, 30, 60, and 90 days, with samples exposed to different storage conditions, including oven incubation, sunlight exposure, refrigeration, and shelf storage, to simulate diverse conservation environments. Microbiological parameters were assessed, and all samples complied with the specifications required for cosmetics. Antioxidant activity was also measured at baseline and after 90 days of storage. Results showed that incorporating Spirulina biomass, even at low concentrations, significantly enhanced antioxidant activity in both shampoo and emulsion formulations compared with controls. After 90 days, the samples maintained their stability in terms of appearance, color, odor, pH, and viscosity under sunlight, refrigeration, and shelf storage conditions. In contrast, samples exposed to elevated temperatures (45 °C) exhibited changes in color, pH, and viscosity. These findings demonstrate the feasibility of incorporating Spirulina biomass into cosmetic shampoo and emulsion bases, highlight potential changes during storage, and provide guidance for developing novel cosmetics that incorporate Spirulina as an ingredient.",226,,0,,,0,,Processes,,2227-9717,2026-05-28,,,14,11,1759,Article,,,Aline Raquel Reis Marcolino | Anna Rafaela Cavalcante Braga,Aline Raquel Reis Marcolino,2,,,,True,https://www.mdpi.com/2227-9717/14/11/1759/pdf?version=1780063626,,,0,0,cosmetic emulsion stability | surfactant skin barrier disruption,1.0,False,2026-09-15T14:56:18+00:00,,
10.3390/cosmetics13030131,skin microbiome cosmetic,10.3390/cosmetics13030131,https://doi.org/10.3390/cosmetics13030131,https://www.mdpi.com/2079-9284/13/3/131,/2079-9284/13/3/131,The Benefits of Using Exosomes in Professional Cosmetic Products: From Theory to Practice,"The integration of exosomes into professional cosmetics marks a significant paradigm shift from traditional passive formulations to advanced regenerative esthetics. Rather than being defined solely by their nanometric dimensions or classical association with endosomal biogenesis, these vesicles function as highly targeted intercellular messengers capable of delivering complex bioactive payloads to modulate tissue repair and collagen synthesis. While robust preclinical and clinical trials validate their remarkable potential in skin rejuvenation, hair restoration, and hyperpigmentation management, significant translational barriers remain. A critical analysis of the current literature reveals that successful clinical outcomes frequently rely on physical penetration enhancers, such as microneedling or fractional lasers, making it challenging to isolate the autonomous efficacy of topical vesicles from the trauma-induced regenerative response. Furthermore, commercial viability is dictated by stringent regulatory frameworks. In the European Union, Regulation (EC) No 1223/2009 strictly prohibits human-derived biologicals, while the US Food and Drug Administration (FDA) aggressively monitors the unsubstantiated marketing of cellular therapies. To navigate these biosafety and legal constraints, the aesthetic industry is increasingly pivoting toward non-human and legally compliant alternatives. Consequently, Plant-Derived Extracellular Vesicles (PDEVs), microbiome-derived exosomes (such as those obtained from bacterial fermentation), and bioengineered synthetic analogues have become the focal point of market innovation. A practical evaluation of the MCCM Medical Cosmetics portfolio illustrates this strategic shift, demonstrating the clinical versatility of botanical sources. To secure the long-term credibility of exosome technology, the industry must overcome current manufacturing heterogeneity by aligning with international standardization frameworks, such as the MISEV2023 guidelines, thereby ensuring reliable delivery systems, batch-to-batch consistency, and uncompromised consumer safety. This review provides a comprehensive overview of the biological mechanisms, clinical efficacy, and translational challenges associated with exosome-based cosmetics.",276,,0,,,0,,Cosmetics,,2079-9284,2026-05-24,,,13,3,131,Review,,,Gabrielle Costa | Elisa Silva | Fátima Silva | Ana Casas | Bernardo Bastos | Clévio Nóbrega | Maria Beatriz P. P. Oliveira | Hugo Almeida,Gabrielle Costa,8,,,,True,https://www.mdpi.com/2079-9284/13/3/131/pdf?version=1779606952,,,0,0,skin microbiome cosmetic | niacinamide skin barrier,1.0,False,2026-09-11T01:25:28+00:00,,
10.3390/cosmetics13030130,cosmetic emulsion stability,10.3390/cosmetics13030130,https://doi.org/10.3390/cosmetics13030130,https://www.mdpi.com/2079-9284/13/3/130,/2079-9284/13/3/130,Impact of Fatty Acid Composition of Polyglycerol Esters on the Emulsifying Performance in Cosmetic Formulations,"The cosmetics industry continually seeks innovations that deliver ever-higher performance while meeting growing sustainability requirements. Although numerous plant-derived surfactants have recently emerged, achieving performance levels comparable to synthetic benchmarks remains challenging. In this study, we aimed to design a natural polyglycerol-10 ester (PG-10 ester) capable of stabilizing demanding systems such as high-internal-phase nano-emulsions (nano-HIPE) and mineral oil-in-water sunscreens. We investigated the key parameters governing surfactant efficiency: fatty acid composition from C12 to C22 or their blends, the presence of partial glycerides, and reaction parameters. Various polyglycerol esters were synthesized and characterized through chromatographic analysis and HLB determination, and then incorporated into formulations to assess their performance. This work made it possible to identify four parameters as essential for achieving high surfactant efficiency: (i) grafting multiple fatty acids onto a single polyglycerol backbone, (ii) combining short/medium-chain (<C16) and long-chain (≥C16) fatty acids, (iii) including partial glycerides within the surfactant, and (iv) allowing the reaction medium to reach full equilibrium. Achieving full equilibrium results in synthesis medium clarity, which allows the HLB value to rise from 6 to 7 to 11–12 and ensures complex emulsion stability. This rational design approach led to a natural PG-10 ester whose performance equals that of conventional synthetic benchmarks, providing a significant advancement toward sustainable high-performance surfactant technologies.",211,,0,,,0,,Cosmetics,,2079-9284,2026-05-22,,,13,3,130,Article,,,Julie Rossero | Maxime Nollet | Nicolas Ritter | Jean-David Rodier,Julie Rossero,4,,,,True,https://www.mdpi.com/2079-9284/13/3/130/pdf?version=1780454349,,,0,0,cosmetic emulsion stability | surfactant skin barrier disruption,1.0,False,2026-09-15T14:56:18+00:00,,
10.3390/microorganisms14051011,skin microbiome cosmetic,10.3390/microorganisms14051011,https://doi.org/10.3390/microorganisms14051011,https://www.mdpi.com/2076-2607/14/5/1011,/2076-2607/14/5/1011,Bacterial Contamination and Antimicrobial Resistance in Used Eye Cosmetic Products,"Eye cosmetic products are widely used and applied in close proximity to the ocular surface, making their microbiological safety particularly important. The aim of this study was to assess bacterial contamination in used eye cosmetic products, characterize the antimicrobial resistance profiles of the isolated bacteria, and perform molecular genotypic analysis. A total of 71 samples, including mascara, eyeliner, and eyeshadow, were analyzed. Microbiological analysis revealed that Bacillus spp. and coagulase-negative staphylococci (CoNS) were the predominant microorganisms, while no major pathogens such as Staphylococcus aureus , Escherichia coli , or Pseudomonas aeruginosa were detected. Antimicrobial susceptibility testing demonstrated high susceptibility of isolates to gentamicin, vancomycin, and linezolid, whereas resistance to benzylpenicillin and clindamycin was observed among Staphylococcus spp. Molecular identification based on 16S rRNA gene sequencing confirmed the presence of Bacillus licheniformis , Bacillus subtilis , Staphylococcus epidermidis , and Staphylococcus warneri , with sequences showing high similarity to globally distributed strains. Although the detected microorganisms were predominantly opportunistic, their presence in products applied near the eyes suggests a potential risk of microbial transfer to the ocular surface. These findings highlight the importance of proper hygiene practices, regular product replacement, and effective quality control measures to minimize microbial contamination and associated health risks.",202,,0,,,0,,Microorganisms,,2076-2607,2026-04-30,,,14,5,1011,Article,,,Asta Aleksandravičienė | Giedrė Jarienė | Jolita Kirvaitienė | Rasa Volskienė | Kristina Dambrauskienė | Žaneta Maželienė,Asta Aleksandravičienė,6,,,,True,https://www.mdpi.com/2076-2607/14/5/1011/pdf?version=1777537780,,,0,0,skin microbiome cosmetic,0.333,False,2026-09-11T01:25:28+00:00,,
10.3390/ph19040620,topical retinoid delivery systems,10.3390/ph19040620,https://doi.org/10.3390/ph19040620,https://www.mdpi.com/1424-8247/19/4/620,/1424-8247/19/4/620,Topical Retinoids in Acne Vulgaris and Acne Scars—From Monotherapy to Combining Regimens,"Topical retinoids are the cornerstone of the treatment of multiple dermatological conditions. Long established in acne therapy, they exert effects on keratinization, inflammation, fibroblast activity, and collagen remodeling, suggesting a potential role in both the prevention and treatment of acne scars. This narrative review summarizes current evidence on the use of topical retinoids in acne vulgaris and acne scarring, focusing on different retinoid molecules, formulation technologies, and combination strategies. A review of published clinical and experimental studies evaluating tretinoin, adapalene, tazarotene, and trifarotene was performed, including their use as monotherapy and in combination with other topical agents or procedural interventions. The available data indicate that topical retinoids have a well-established position in acne treatment, can improve the appearance of atrophic acne scars, reduce the progression of scarring, and support skin remodeling. Advances in formulation technologies have improved tolerability, while combination approaches with agents such as benzoyl peroxide, antibiotics or procedural techniques have shown additive or synergistic effects, particularly in more severe cases. Nevertheless, much of the evidence regarding novel formulations is derived from small or heterogeneous study populations. In conclusion, topical retinoids represent a relevant therapeutic option in acne vulgaris and acne scarring, from monotherapy in mild cases to components of multimodal treatment protocols in more severe disease. Further large-scale, comparative studies are needed to better define the optimal clinical use of advanced drug delivery systems for topical retinoids.",229,,0,,,0,,Pharmaceuticals,,1424-8247,2026-04-15,,,19,4,620,Review,,,Aleksandra Tobiasz | Alina Jankowska-Konsur | Danuta Nowicka,Aleksandra Tobiasz,3,,,,True,https://www.mdpi.com/1424-8247/19/4/620/pdf?version=1776241205,,,0,0,topical retinoid delivery systems | cosmetic formulation rheology | surfactant skin barrier disruption,1.0,False,2026-09-15T13:37:24+00:00,,
10.3390/md24040134,skin microbiome cosmetic,10.3390/md24040134,https://doi.org/10.3390/md24040134,https://www.mdpi.com/1660-3397/24/4/134,/1660-3397/24/4/134,Human and Marine Host Defense Peptides for Healthy Skin,"The skin serves as the first line barrier of innate immunity, protecting the body from external influences and maintaining its homeostasis. Exogenous and endogenous stress factors alter the structure and functional properties of the skin. The search for compounds capable of counteracting these processes has allowed the identification of peptides as promising ingredients of products for medicinal and cosmetic applications. This review comprehensively examines the mechanisms of action and dermatological applications of two distinct classes of natural products—endogenous human peptides and those derived from marine organisms. Human peptides exhibit numerous biological functions, including antimicrobial and immunomodulatory ones, as well as promoting antioxidant protection and wound healing. Microbiome-associated peptides are an underestimated but powerful regulator of skin aging through immunomodulation, inflammation control, barrier function maintenance, and selection of the proper microbial community. Peptides from marine organisms exhibit significant structural diversity and a broad spectrum of biological activity, including regenerative effects and effects on antibiotic-resistant microorganisms. This review summarizes current data obtained from in vitro, ex vivo, and clinical studies demonstrating a broad potential of peptides for maintaining skin health. Both peptide classes represent powerful, targeted strategies for innovative dermatological interventions aimed at promoting skin rejuvenation, protection, and overall homeostasis.",198,,0,,,0,,Mar. Drugs,,1660-3397,2026-04-10,,,24,4,134,Review,,,Svetlana V. Guryanova | Oksana Yu. Belogurova-Ovchinnikova | Tatiana V. Ovchinnikova,Svetlana V. Guryanova,3,,,,True,https://www.mdpi.com/1660-3397/24/4/134/pdf?version=1776925247,,,0,0,skin microbiome cosmetic | niacinamide skin barrier,1.0,False,2026-09-11T01:25:28+00:00,,
10.3390/biomedicines14040835,nanocarrier delivery epidermal penetration,10.3390/biomedicines14040835,https://doi.org/10.3390/biomedicines14040835,https://www.mdpi.com/2227-9059/14/4/835,/2227-9059/14/4/835,"Research Progress of PROTACs in Breast Cancer: Subtype-Oriented Target Landscape, Clinical Stratification Evidence, and Engineering Strategies for Translation","Molecular subtype–guided therapy for breast cancer (BC) remains limited in a subset of patients by suboptimal efficacy, acquired resistance, and the presence of “undruggable” targets. Proteolysis-targeting chimeras (PROTACs) represent a targeted protein degradation (TPD) strategy that differs fundamentally from conventional occupancy-driven inhibition. By inducing ubiquitination of a protein of interest and subsequent proteasomal degradation, PROTACs can directly reduce pathogenic protein abundance and potentially abrogate non-catalytic or scaffolding functions, thereby enabling more durable pathway suppression in selected resistance contexts. This review comprehensively summarizes the mechanisms of action, key molecular design elements, and the developmental landscape of PROTACs, and maps target selection and research progress across BC molecular subtypes. In hormone receptor–positive/HER2-negative BC, clinical translation is most advanced for estrogen receptor alpha-directed PROTACs; Phase III evidence indicates biomarker-dependent efficacy, with clearer benefit signals in resistant subgroups such as estrogen receptor 1 mutations, suggesting that the net clinical benefit of TPD is more likely to be realized through precision stratification. In contrast, in solid-tumor settings, including human epidermal growth factor receptor 2 (HER2)-positive BC and triple-negative breast cancer, PROTAC translation is more frequently constrained by an “exposure–selectivity–therapeutic window” trade-off driven by physicochemical liabilities, insufficient tumor penetration, and broad target expression. Accordingly, engineering strategies—such as antibody/aptamer-mediated targeted delivery, stimulus-responsive prodrugs, nanocarriers, and local administration—are emerging as decisive approaches to enable safe and effective clinical implementation. Looking forward, further progress of PROTACs in BC will depend on expanding the spectrum of E3 ubiquitin ligases and recruitment modalities, establishing predictable and dynamically monitorable biomarker systems, optimizing rational combination/sequencing regimens with exposure- and schedule-guided dosing, and advancing scalable manufacturing and quality control capabilities, thereby translating mechanistic advantages of TPD into verifiable precision-therapy applications.",276,,0,,,0,,Biomedicines,,2227-9059,2026-04-06,,,14,4,835,Review,,,Senyang Guo | Jianhua Liu | Hongmei Zheng | Xinhong Wu,Senyang Guo,4,,,,True,https://www.mdpi.com/2227-9059/14/4/835/pdf?version=1777039863,,,0,0,nanocarrier delivery epidermal penetration,1.0,False,2026-09-11T08:59:52+00:00,,
10.3390/molecules31071147,topical retinoid delivery systems,10.3390/molecules31071147,https://doi.org/10.3390/molecules31071147,https://www.mdpi.com/1420-3049/31/7/1147,/1420-3049/31/7/1147,The Molecular Exposome of Visible Age Reversal: From Organ–Skin Axes to Regenerative Aesthetics,"Cosmetic dermatology has largely focused on topical applications targeting the stratum corneum. However, emerging evidence suggests that visible aging is a systemic readout of internal “organ clocks” and molecular dysregulation across the epidermis and dermis. This review proposes an “inside–out strategy” that seeks to re-conceptualize aesthetic vitality as a measurable indicator of systemic physiological resilience. The author describes theoretically proposed organ–skin axes, including the role of molecular signaling of kidney-derived klotho (KL1 fragment) via FGFR1-α–klotho complexes and muscle-derived irisin through the AMPK/PGC-1-α pathway in modulating skin homeostasis. Drawing on recent breakthroughs in non-human primate models (2023–2025), this synthesis explores the potential of systemic interventions—including nicotinamide adenine dinucleotide (NAD+) precursors (sirtuin 1 SIRT1 activators), senolytics (targeting BCL-2/p16), and glucagon-like peptide-1 (GLP-1) receptor agonists—as candidates to potentially synchronize these internal clocks. Furthermore, the review identifies direct regenerative interventions, such as retinoids (RAR/RXR signaling), chemical peels (HIF-1-α induction), exosomes (miR-21/29 delivery), and poly-L-lactic acid PLLA (mechanotransduction via YAP/TAZ), positioning them as potential physical and chemical epigenetic modulators that may support the restoration of cellular transcriptional fidelity. This article proposes a new paradigm for regenerative aesthetics that focuses on restoring the youthful phenotype by optimizing systemic molecular crosstalk and epigenetic transcriptional fidelity.",198,,0,,,0,,Molecules,,1420-3049,2026-03-31,,,31,7,1147,Review,,,Hidekazu Yamada,Hidekazu Yamada,1,,,,True,https://www.mdpi.com/1420-3049/31/7/1147/pdf?version=1774942740,,,0,0,topical retinoid delivery systems | cosmetic formulation rheology | surfactant skin barrier disruption,0.75,False,2026-09-15T13:37:24+00:00,,
10.3390/cosmetics13020078,cosmetic emulsion stability,10.3390/cosmetics13020078,https://doi.org/10.3390/cosmetics13020078,https://www.mdpi.com/2079-9284/13/2/78,/2079-9284/13/2/78,Development and Physicochemical Characterization of an Argan–Castor Oil O/W Emulsion for Cosmetic Applications,"The incorporation of plant-derived oils into cosmetic formulations has attracted increasing interest due to their natural origin, skin compatibility, and multifunctional formulation roles. Argan and castor oils are widely used in cosmetic products as emollient lipid components with intrinsic antioxidant properties. However, limited studies have systematically evaluated the physicochemical stability and antioxidant performance of emulsions combining these two oils. The aim of this study was to develop and comprehensively characterize a stable oil-in-water (O/W) cosmetic emulsion based on argan and castor oils using a natural non-ionic emulsifier (C14–22 Alcohol (and) C12–20 Alkyl Glucoside). Particular emphasis was placed on formulation stability, as it represents a critical prerequisite for further product evaluation. Stability was investigated through thermal stress testing (4–37 °C), centrifugation assays, droplet size analysis, and zeta potential measurements. Complementary physicochemical and structural characterization was performed using rheological analysis and Fourier transform infrared (FT-IR) spectroscopy. The formulated emulsion exhibited good physical stability with no phase separation under the tested conditions, a skin-compatible pH, a uniform droplet size distribution (4.15 ± 0.68 µm), and pseudoplastic, moderately thixotropic rheological behavior. Antioxidant capacity was assessed using the 2,2-diphenyl-1-picrylhydrazyl (DPPH) radical scavenging assay, yielding an IC 50 value of 19.21 ± 1.02 mg/mL. Overall, this study provides a formulation-oriented framework for the development and evaluation of stable natural oil-based O/W emulsions intended for cosmetic applications, supporting future optimization and biological validation.",226,,0,,,0,,Cosmetics,,2079-9284,2026-03-20,,,13,2,78,Article,,,Carmen-Elisabeta Manea | Carmen-Marinela Mihăilescu | Mirela Antonela Mihăilă | Roxana Colette Sandulovici | Daniel Cord | Mirela Claudia Rîmbu | Florin Adrian Marin | Adina Boldeiu | Vasilica Țucureanu | Adina Turcu-Știolică | Manuel Ovidiu Amzoiu | Elena Truță | Mona Luciana Gălățanu,Carmen-Elisabeta Manea,13,,,,True,https://www.mdpi.com/2079-9284/13/2/78/pdf?version=1774022080,,,0,0,cosmetic emulsion stability | surfactant skin barrier disruption,1.0,False,2026-09-15T14:56:18+00:00,,
10.3390/cosmetics13020076,skin microbiome cosmetic,10.3390/cosmetics13020076,https://doi.org/10.3390/cosmetics13020076,https://www.mdpi.com/2079-9284/13/2/76,/2079-9284/13/2/76,Heat-Treated Strains of Lactiplantibacillus Plantarum Skinbac™ SB01 and Bifidobacterium animalis spp. Lactis Skinbac™ SB05 Visibly Fight Aging Signs Both In Vitro and In Vivo,"Background: The skin microbiome plays a crucial role in maintaining barrier function and preventing inflammaging. Heat-treated probiotics offer stability advantages for topical formulations while potentially maintaining bioactive properties. Objective : To evaluate the safety, molecular mechanisms, and clinical efficacy of heat-treated Lactiplantibacillus plantarum Skinbac™ SB01 and Bifidobacterium animalis spp. lactis Skinbac™ SB05 in reducing visible signs of skin aging. Methods : In vitro studies assessed cytotoxicity (MTT/LDH assays), Aquaporin-3 (AQP3) expression, and reactive oxygen species (ROS) production in Normal Human Epidermal Keratinocytes (NHEK). A 30-day open-label clinical study ( n = 20 females, 18–70 years) evaluated three formulations (face cream, serum, and eye contour) using instrumental measurements of hydration, elasticity, density, and roughness parameters. Results: In vitro testing showed a significant increase in AQP3 expression (+22% ± 3%, p = 0.03) and a non-significant reduction in ROS levels (−33% ± 9%, p = 0.06) at 10 7 TFU/well, with no cytotoxicity observed. Clinical evaluation demonstrated statistically significant improvements: eye contour formulation achieved +10.5% deep skin hydration ( p < 0.0001) and −11% average roughness ( p < 0.0001); serum showed +28.7% immediate hydration ( p < 0.0001); and face cream improved gross skin elasticity by +6.3% ( p < 0.01). No adverse events were reported. An independent and methodologically distinct placebo-controlled study was included for contextual support and was not directly compared with the present trial; this study evaluated a related 1% postbiotic formulation and reported statistically significant improvements over placebo in roughness, wrinkle depth, hydration, and biomechanical parameters. Conclusions: This pilot study provides preliminary evidence that heat-treated L. plantarum SB01 and B. animalis spp. lactis SB05 formulations could safely improve skin hydration and reduce roughness parameters. While in vitro results show a significant increase in AQP3 expression and an exploratory (non-significant) reduction in ROS levels, larger controlled trials are warranted to confirm clinical efficacy.",305,,0,,,0,,Cosmetics,,2079-9284,2026-03-20,,,13,2,76,Article,,,Giovanni Deusebio | Annalisa Visciglia | Angela Amoruso | Marco Pane,Giovanni Deusebio,4,,,,True,https://www.mdpi.com/2079-9284/13/2/76/pdf?version=1774233401,,,0,0,skin microbiome cosmetic | niacinamide skin barrier,0.667,False,2026-09-11T01:25:28+00:00,,
10.3390/cosmetics13020072,ceramide lipid barrier restoration,10.3390/cosmetics13020072,https://doi.org/10.3390/cosmetics13020072,https://www.mdpi.com/2079-9284/13/2/72,/2079-9284/13/2/72,"Bioactive Nutritional Macromolecules Supporting Hair Structure, Density, and Growth: A Comprehensive Review","Hair loss affects over half of adults by age 70 and represents a major determinant of overall hair health, imposing significant psychosocial burden across genders. Nutritional factors play a critical role in follicle biology, yet targeted strategies remain underexplored. This comprehensive review examines five key hair-constituent macromolecules—type I collagen, elastin, keratin, ceramides, and melanin—and their physiological and clinical impacts on hair structure, density, shining, and growth. We conducted a structured literature search in PubMed and Google Scholar through January 2025, selecting in vitro studies, animal experiments, and human clinical trials that evaluated each macromolecule’s effects on follicular function and hair fiber integrity. Type I collagen enhances dermal papilla cell proliferation, upregulates Wnt/β-catenin and growth factors, and improves hair thickness and breakage resistance in randomized controlled trials. Keratin hydrolysates replenish cortical protein, reinforce disulfide cross-links, and reduce telogen shedding, with clinical studies demonstrating 30–50% decreases in hair loss and gains in tensile strength. Oral ceramide formulations restore the cuticular lipid barrier, shift follicles toward anagen, and increase hair density in double-blind trials. Although direct clinical data on melanin supplementation are lacking, ex vivo and animal models confirm its role as a UV-protective pigment, preserving keratin integrity and color fastness. Together, these macromolecules constitute a coherent framework for hair health, and clinical studies increasingly provide evidence that their combined or parallel application can meaningfully enhance hair density, strength, shine, and resilience.",229,,0,,,0,,Cosmetics,,2079-9284,2026-03-17,,,13,2,72,Review,,,Johannes-Paul Fladerer-Grollitsch | Selina Fladerer-Grollitsch,Johannes-Paul Fladerer-Grollitsch,2,,,,True,https://www.mdpi.com/2079-9284/13/2/72/pdf?version=1773727472,,,0,0,ceramide lipid barrier restoration | surfactant skin barrier disruption | cosmetic formulation microbiome modulation,0.75,False,2026-09-16T01:25:00+00:00,,
10.3390/cosmetics13020064,niacinamide skin barrier,10.3390/cosmetics13020064,https://doi.org/10.3390/cosmetics13020064,https://www.mdpi.com/2079-9284/13/2/64,/2079-9284/13/2/64,"Dual-Purpose Body and Face Formulation with Synergistic Actives for Thin, Aging, and Dry Skin: A Four-Week Clinical Study","Thin, dry skin is characterized by impaired barrier integrity, loss of dermal density, and accelerated aging driven by intrinsic and extrinsic factors. Biomimetic collagen peptides mimic native collagen sequences, stimulating fibroblasts to enhance synthesis while limiting matrix metalloproteinase-mediated degradation. This study evaluated the clinical efficacy and safety of a multi-ingredient cosmetic product for thin, dry, aging skin, formulated as a dual-purpose body and face serum lotion containing 0.1% biomimetic collagen tripeptide (Tripeptide-29) along with Niacinamide, Citrullus lanatus fruit extract, and Selaginella lepidophylla extract. In this prospective, single-center study, 47 healthy women, aged 36–65 years with Fitzpatrick skin types I–IV, applied the formula twice daily to the face and body over four weeks. Objective measurements—including elasticity, wrinkle depth and volume, hydration, trans-epidermal water loss (TEWL), and texture—were collected weekly alongside clinical grading and self-assessments. Significant improvements were observed across all parameters, with facial dryness decreasing immediately (−74.6%) and continuing to week 4 (−93.7%), hydration increasing up to 72.5%, softness improving up to 37.7%, roughness decreasing up to 37.9%, and TEWL reductions indicating strengthened barrier function. Desquamation improved by 75.5% by week 3, and no adverse effects occurred. The serum lotion demonstrated robust, well-tolerated benefits for enhancing multiple markers of thin, dry, aging skin.",202,,0,,,0,,Cosmetics,,2079-9284,2026-03-10,,,13,2,64,Article,,,Remona Gopaul | June Zhang,Remona Gopaul,2,,,,True,https://www.mdpi.com/2079-9284/13/2/64/pdf?version=1773130453,,,0,0,niacinamide skin barrier | skin microbiome cosmetic,1.0,False,2026-09-11T01:25:26+00:00,,
10.3390/molecules31050889,cosmetic emulsion stability,10.3390/molecules31050889,https://doi.org/10.3390/molecules31050889,https://www.mdpi.com/1420-3049/31/5/889,/1420-3049/31/5/889,Lignin–Quercetin Hybrid Colloidal Particles as Sustainable Pickering Emulsifiers: A Bio-Based and Functional Approach,"Lignin, the second-most-abundant polymer on Earth, has attracted attention for its value-added applications. Colloidal lignin particles can overcome handling and compatibility issues, offer antioxidant, antimicrobial, and UV-protective properties, and serve as Pickering stabilizers. Plant extracts rich in bioactive compounds, such as polyphenols and flavonoids (e.g., quercetin), can further enhance lignin-based formulations. In this context, colloidal lignin–quercetin particles (CLQPs) were produced for the first time via antisolvent precipitation and used as Pickering emulsion stabilizers. CLQP dispersions (30 g/L) were prepared by solubilizing lignin and quercetin in 80% ( v / v ) aqueous acetone solution, followed by precipitation with a pH 8 buffer. A quercetin content of 50% ( w / w ) (CLQP-50) resulted in predominantly round-shaped lignin–quercetin particles (<1 µm) with a small fraction of quercetin crystals. Both structures contributed to emulsion stabilization, as evidenced by confocal microscopy, a three-phase contact angle of 91.6 ± 0.1°, and a zeta potential of −52.8 ± 2.7 mV. CLQP-50 successfully stabilized Pickering emulsions at a 60/40 oil/water ratio, showing high physical stability (stability index 0.01) and shear-thinning behavior with gel-like consistency. These findings demonstrate the pioneering development of lignin–quercetin hybrid colloidal particles as sustainable and functional Pickering stabilizers, opening new opportunities for advanced cosmetic and pharmaceutical formulations.",205,,0,,,0,,Molecules,,1420-3049,2026-03-07,,,31,5,889,Article,,,Barbara Miqueletti de Oliveira | Giovana Colucci | Tatiana B. Schreiner | Gert Preegel | Lucimara Lopes da Silva | Arantzazu Santamaria-Echart | Maria-Filomena Barreiro,Barbara Miqueletti de Oliveira,7,,,,True,https://www.mdpi.com/1420-3049/31/5/889/pdf?version=1772866959,,,0,0,cosmetic emulsion stability,1.0,False,2026-09-15T14:56:18+00:00,,
10.3390/cosmetics13020063,cosmetic emulsion stability,10.3390/cosmetics13020063,https://doi.org/10.3390/cosmetics13020063,https://www.mdpi.com/2079-9284/13/2/63,/2079-9284/13/2/63,Cosmetic Efficacy and Sustainability of Beer and Brewing By-Products in Skin Care: A Formulation-Driven In Vitro and In Vivo Evaluation,"The brewing process generates substantial by-products rich in potentially bioactive compounds (e.g., polyphenols and fermentation metabolites), providing a sustainable and appealing source of cosmetic ingredients. Oil-in-water (O/W) emulsions containing 20% ( w / w ) aqueous extracts from Bionda Triplo Malto beer, wort, and key brewing by-products (hops, yeast, and spent grain) were developed and evaluated using a combined in vitro – in vivo approach. Aqueous extracts were first screened on human immortalized dermal fibroblasts (BJ-5ta) at 0.25–1 mg/mL for cytocompatibility and antioxidant activity. Within this concentration range, no significant changes in cell viability or intracellular antioxidant capacity under UV stress were detected, suggesting cytocompatibility but limited inherent activity. When incorporated into O/W emulsions and tested at an active-equivalent concentration of 10 mg/mL, the formulations increased fibroblast metabolic activity and antioxidant response. In contrast, free extracts at 10 mg/mL showed concentration-dependent cytotoxicity for some matrices, with beer- and yeast-based emulsions demonstrating the strongest effects. The emulsions exhibited good physicochemical stability (pH ~5.7–6.2; viscosity 4750–5150 mPa·s), passed the ISO 11930:2012 challenge test, and were well tolerated in patch testing. In a double-blind, randomized split-forearm study on 50 healthy volunteers over 30 days, beer, yeast, and spent grain-based formulations improved skin parameters versus baseline. TEWL decreased (e.g., beer: 16.22 ± 5.12 to 10.77 ± 2.22 mg·m −2 ·h −1 ; yeast: 16.29 ± 5.66 to 10.18 ± 1.08; spent grain: 14.45 ± 4.34 to 11.66 ± 2.28), hydration increased (beer: 35.15 ± 5.93 to 42.26 ± 3.78; yeast: 33.27 ± 4.87 to 42.92 ± 2.48; spent grain: 34.22 ± 5.19 to 41.16 ± 3.17, and elasticity improved for beer and yeast formulations (62.33 ± 3.27 to 70.24 ± 2.12 N/m) and yeast (61.21 ± 4.72 to 72.13 ± 5.55 N/m). Based on these findings, brewing-derived ingredients demonstrate potential as cosmetic actives, with formulation critically determining their clinical efficacy.",306,,0,,,0,,Cosmetics,,2079-9284,2026-03-07,,,13,2,63,Article,,,Ela Hoti | Camilla Elena Di Bella | Sabina Hoti | Dolores Vargas Peregrina | Maria Giovanna Sabbieti | Dimitrios Agas | Piera Di Martino | Susi Zara | Maria Rosa Gigliobianco,Ela Hoti,9,,,,True,https://www.mdpi.com/2079-9284/13/2/63/pdf?version=1773019423,,,0,0,cosmetic emulsion stability | surfactant skin barrier disruption,1.0,False,2026-09-15T14:56:18+00:00,,
10.3390/nu18050817,skin microbiome cosmetic,10.3390/nu18050817,https://doi.org/10.3390/nu18050817,https://www.mdpi.com/2072-6643/18/5/817,/2072-6643/18/5/817,Neurocosmetics or Hype? Psychobiotic Potential of Strain-Specific Cosmeceuticals,"Background: There is increasing interest in cosmeceuticals—cosmetic regimes incorporating a specific probiotic or postbiotic strain, fully characterized genetically and phenotypically—which, when topically applied, have the ability to modulate the skin microbiome, exhibit anti-inflammatory properties and improve the overall skin appearance by reducing signs of aging. In addition, claims have been made that emotional and psychological well-being can be improved by neuroactive substances released by the probiotics in cosmeceuticals, acting via the skin–brain axis. However, claims are somewhat generalized and imprecise, and we deemed it important to look more precisely at published research relating to cosmeceuticals. There have been very few research publications on these products, identified as neurocosmetics, and they immediately provoked strong reactions from dermatologists and psychiatrists, mainly with regard to the ethical and safety aspects of their use. Objectives/Method: The present strain-centered literature evaluation aimed to select from peer-reviewed publications referring to cosmeceuticals only those dealing with fully characterized, specific probiotic strains with documented beneficial skin properties. Eligible strains found were subsequently subjected to a secondary search to ascertain whether they also demonstrated clinical, or even experimental, evidence of strain-specific psychobiotic properties. Results: From 33 strain-specific cosmeceuticals identified, only three strains— Lactococcus lactis subsp. cremoris H61, Limosilactobacillus reuteri DSM 17938, and Weizmannia coagulans MTCC 5856—demonstrated reproducible evidence of psychobiotic potential. Conclusions: Current evidence does not support the notion that cosmeceuticals are likely to directly modulate emotional states through topical application, since the coexistence of cosmeceutical and psychobiotic properties within the same probiotic strain seems to be both uncommon and highly strain-specific and therefore of little practical, generalized use.",260,,0,,,0,,Nutrients,,2072-6643,2026-03-02,,,18,5,817,Review,,,Alexandra-Eleftheria Menni | Helen Theodorou | Georgios Tzikos | George Stavrou | Ioannis M. Theodorou | Eleni Semertzidou | Joanna Venieri | Aristeidis Ioannidis | Anne D. Shrewsbury | Katerina Kotzampassi,Alexandra-Eleftheria Menni,10,,,,True,https://www.mdpi.com/2072-6643/18/5/817/pdf?version=1772464988,,,0,0,skin microbiome cosmetic | niacinamide skin barrier,1.0,False,2026-09-11T01:25:28+00:00,,
10.3390/pharmaceutics18030313,surfactant skin barrier irritation,10.3390/pharmaceutics18030313,https://doi.org/10.3390/pharmaceutics18030313,https://www.mdpi.com/1999-4923/18/3/313,/1999-4923/18/3/313,"Development of an Antimicrobial Nanoemulsion Based on Cordia verbenacea Essential Oil: Properties, Stability, Irritability, and In Vitro Skin Permeation","Background/Objectives: This study aimed to evaluate the chemical composition and antimicrobial activity of Cordia verbenacea essential oil (EOCV) and to develop and characterize a gel-based nanoemulsion of C. verbenacea essential oil (NECV). Methods: The EOCV was chemically characterized by gas chromatography (GC-FID and GC-MS). The nanoemulsion was prepared using EOCV, the surfactants Cremophor and Plurol Oleique, and phosphate buffer at pH 5.5, and was subjected to experiments to determine its stability, irritant potential and in vitro skin permeation. Results: The main chemical compounds identified in EOCV were α-pinene (33.05%) and β-caryophyllene (25.11%). The EOCV exhibited antimicrobial activity with MIC and MBC values ranging from 6.3 to 25.0 µL/mL for the yeasts Candida albicans and C. krusei , 11.3 to 25.0 µL/mL for the Gram-positive bacteria Bacillus cereus , Staphylococcus aureus , and Enterococcus faecalis , and 12.5 to 75.0 µL/mL for the Gram-negative bacteria Acinetobacter baumannii , Klebsiella pneumoniae , and Escherichia coli . The NECV showed a droplet size of 126.80 nm, a polydispersity index (PDI) of 0.49, a zeta potential of −18.50 mV and a pH of 5.3 and remained stable for 60 days of storage at 25 °C and 4 °C. The HET-CAM irritation test showed that the formulation is non-irritating. The in vitro skin permeation assay showed that the NECV penetrated the deeper layers of the skin, demonstrating its ability to overcome the Stratum corneum barrier. Conclusions: These results are highly promising regarding the potential use of NECV for topical application for the treatment of infected skin wounds.",252,,0,,,0,,Pharmaceutics,,1999-4923,2026-02-28,,,18,3,313,Article,,,Franklyn Santos da Silva | Breno Noronha Matos | Rebeca Dias dos Santos | Venancio Alves Amaral | Marta Oliveira de Araújo | Bruno Alcântara do Prado | Cinara Medeiro Martins | Claudio Augusto Gomes da Camara | Marcilio Martins de Moraes | Diego Juscelino Santos Dias | Camila Oliveira Cardoso | Lívia Cristina Lira de Sá Barreto | Izabel Cristina Rodrigues da Silva | Daniela Castilho Orsi | Guilherme Martins Gelfuso,Franklyn Santos da Silva,15,,,,True,https://www.mdpi.com/1999-4923/18/3/313/pdf?version=1772617424,,,0,0,surfactant skin barrier irritation | cosmetic formulation microbiome stability | ceramide lipid barrier repair,1.0,False,2026-09-15T17:41:24+00:00,,
10.3390/cosmetics13010045,ceramide lipid barrier repair,10.3390/cosmetics13010045,https://doi.org/10.3390/cosmetics13010045,https://www.mdpi.com/2079-9284/13/1/45,/2079-9284/13/1/45,Palmitoleic (16:1 n−7) Acid and Skin Health: Functional Roles and Opportunities for Topical and Oral Product Applications,"Human skin lipids form interconnected pools that support barrier integrity, immune balance, and interactions with the environment. The stratum corneum barrier is built from an ordered mix of ceramides, cholesterol, and long-chain free fatty acids, while sebaceous lipids and their breakdown products shape surface properties and the skin microbiome. Hexadecenoic fatty acids are key at this interface. Palmitoleic acid ( cis -9 16:1; 16:1 n−7, POA) is enriched in viable epidermis and remains detectable in stratum corneum lipids, whereas its isomer sapienic acid ( cis -6 16:1; 16:1 n−10) predominates in human sebum. Together, they influence membrane organization, lipid fluidity, and antimicrobial defense. This mini-review outlines skin lipid composition and function with a focus on POA and then summarizes experimental and preclinical topical evidence suggesting antimicrobial effects, enhanced lubrication properties, protection from oxidative and ultraviolet B (UVB) injury, and enhanced wound repair. It also reviews early clinical findings from oral POA supplementation trials reporting improved hydration, barrier function, and markers of photo-oxidative aging, with exploratory signals for acne in a multi-nutrient regimen. Major POA sources include sea buckthorn pulp oil, macadamia and avocado oils, selected marine oils, ruminant fats, and emerging fermentation-derived products. Robust mechanistic human studies are still needed to define optimal dosing, formulations, and indications.",207,,0,,,0,,Cosmetics,,2079-9284,2026-02-17,,,13,1,45,Review,,,Manuel Oliveira | Xiaoying Zhou | Mona Correa | Dino Athanasiadis | Casey Lippmeier | Leon Parker | Walter Rakitsky | Frédéric Destaillats,Manuel Oliveira,8,,,,True,https://www.mdpi.com/2079-9284/13/1/45/pdf?version=1771322235,,,0,0,ceramide lipid barrier repair | surfactant skin microbiome disruption,1.0,False,2026-09-11T01:31:45+00:00,,
10.3390/cosmetics13010043,skin microbiome cosmetic,10.3390/cosmetics13010043,https://doi.org/10.3390/cosmetics13010043,https://www.mdpi.com/2079-9284/13/1/43,/2079-9284/13/1/43,"The Skin Microbiome Revolution: The Science and Challenges of Prebiotics, Probiotics, and Postbiotics in Skincare","The skin microbiome comprises a diverse community of bacteria, fungi, and archaea, all of which play a foundational role in maintaining skin health, immune tolerance, and barrier integrity. Recent advances in cosmetic science focus on the skin microbiome through the incorporation of prebiotics, probiotics and postbiotics in topical skincare formulations. This review critically examines the scientific understanding of the skin microbiome, explores the mechanisms and extractions of key “biotics” ingredients, and evaluates the clinical and regulatory landscape surrounding their use in the cosmetic industry. Despite promising scientific data and early clinical findings, there are notable challenges, including limited robust in vivo evidence, regulatory ambiguity, difficulties in formulation, and inconsistent definition and marketing claims. Regulatory harmonisation and the development of standardised testing protocols are necessary to fill the gap in today’s research and to maximise the benefits of “biotics” in the cosmetic industry.",142,,0,,,0,,Cosmetics,,2079-9284,2026-02-13,,,13,1,43,Review,,,Joie Chia | Adnyana Carma | Alyssa Alwyn | Ryeryeong Cho | David Stephen Hill | Maria Teresa Borrello,Joie Chia,6,,,,True,https://www.mdpi.com/2079-9284/13/1/43/pdf?version=1771922542,,,0,0,skin microbiome cosmetic | niacinamide skin barrier,1.0,False,2026-09-11T01:25:28+00:00,,
10.3390/app16041735,topical retinoid delivery systems,10.3390/app16041735,https://doi.org/10.3390/app16041735,https://www.mdpi.com/2076-3417/16/4/1735,/2076-3417/16/4/1735,Innovative Skin Depigmenting Strategies: A Review,"Skin pigmentation results from the melanin production by melanocytes, an essential process for protection against ultraviolet radiation and for maintaining cutaneous homeostasis. Disruptions in this balance lead to pigmentary disorders, such as hyperpigmentation, which is characterized by localized or diffuse darkening of the skin. Its most prevalent forms include melasma, post-inflammatory hyperpigmentation, and solar lentigines, often driven by hormonal, inflammatory, and environmental factors, particularly sun exposure. Despite being clinically benign, these conditions have a significant impact on self-esteem and quality of life. Conventional treatments rely on depigmenting agents such as hydroquinone, retinoids, and corticosteroids, as well as chemical peels, and laser or light-based therapies, frequently used in combination. However, limited efficacy, prolonged treatment durations, and potential adverse effects underscore the need for safer and more effective alternatives. In recent years, research has focused on developing novel approaches, with nanotechnology-based delivery systems and minimally invasive techniques, such as microneedling, standing out as particularly promising fields. In parallel, the growing number of interventional clinical trials reflects an increasing interest in optimizing topical depigmenting strategies. This review summarizes the main types of hyperpigmentation, the depigmenting substances currently used, and emerging therapeutic approaches with potential clinical impact.",193,,0,,,0,,Appl. Sci.,,2076-3417,2026-02-10,,,16,4,1735,Review,,,Rita Carneiro | Carla M. Lopes | Maria Helena Amaral,Rita Carneiro,3,,,,True,https://www.mdpi.com/2076-3417/16/4/1735/pdf?version=1770714710,,,0,0,topical retinoid delivery systems | surfactant skin barrier disruption,1.0,False,2026-09-15T13:37:24+00:00,,
10.3390/cosmetics13010037,skin microbiome cosmetic,10.3390/cosmetics13010037,https://doi.org/10.3390/cosmetics13010037,https://www.mdpi.com/2079-9284/13/1/37,/2079-9284/13/1/37,"Sebum Regulating, Anti-Inflammatory, and Lipid Restoring Efficacy of Isorhamnetin Extracted from Opuntia ficus-indica: Results from a Randomized Double-Blind Clinical Trial","Oily skin is a prevalent dermatological condition characterized by excessive sebum production, due to hyperactivity of the sebaceous glands. In this study, a randomized split-face clinical trial was conducted on 22 subjects with combination to oily skin to evaluate the efficacy of a cosmetic cream containing a standardized amount of isorhamnetin extract from prickly pear ( Opuntia ficus-indica ), applied twice daily over a 28-day period. Efficacy assessments included instrumental measurements of skin sebum content, Sebum Excretion Rate (SER), pore size, tumor necrosis factor-alpha (TNF-α) levels, skin microbiome composition, and lipid profile. Additionally, the study included an assessment of participants’ subjective perception. After 14 and 28 days of product use, respectively, a significant reduction in skin sebum content was observed, with decreases of 13.1% and 21.1% on the forehead, and 10.4% and 15.8% in the alar groove. This reduction in sebum levels was associated with a mattifying effect lasting up to 7.1 h, a 37.2% decrease in the sebum excretion rate (SER), and a 9.6% reduction in pore size. The TNF- α levels decreased by 7.4%. The extract was well tolerated by the skin microbiome, which remained stable. Additionally, analysis of the skin lipid profile revealed an increase in both ceramide and triacylglycerol levels. Overall, our findings demonstrate the role of the extract in modulating sebaceous gland activity, improving skin appearance, reducing inflammation, and supporting barrier integrity and hydration in individuals with oily skin.",234,,0,,,0,,Cosmetics,,2079-9284,2026-02-09,,,13,1,37,Article,,,Federica Cascella | Mohammad Reza Jahangiri Manesh | Enza Cestone | Gloria Roveda | Martina Masciarelli | Vincenzo Zaccaria | Violetta Insolia | Vincenzo Nobile,Federica Cascella,8,,,,True,https://www.mdpi.com/2079-9284/13/1/37/pdf?version=1770805441,,,0,0,skin microbiome cosmetic | niacinamide skin barrier,1.0,False,2026-09-11T01:25:28+00:00,,
10.3390/cosmetics13010025,cosmetic formulation rheology,10.3390/cosmetics13010025,https://doi.org/10.3390/cosmetics13010025,https://www.mdpi.com/2079-9284/13/1/25,/2079-9284/13/1/25,"Rheology, Texture Analysis and Tribology for Sensory Prediction and Sustainable Cosmetic Design","The cosmetic industry is undergoing a deep transformation driven by rapid innovation, evolving consumer expectations, and increasing demands for sustainability. Formulators are required to design products that combine functional efficacy, stability, and appealing sensory properties while adopting environmentally responsible strategies. Traditional empirical and sensory-based approaches, though valuable, are often limited by high costs, time, subjectivity and lack of reproducibility. In this context, instrumental techniques provide an objective and predictive means to optimize product performance. Rheology, texture analysis, and tribology offer complementary insights into the structure, mechanical behavior, and interfacial phenomena of cosmetic formulations, all of which are closely linked to application behavior and sensory perception. Their integration enables a quantitative correlation between formulation composition, process conditions, and tactile performance. This review critically examines recent advances in the integrated use of rheology, texture analysis and tribology in cosmetic science, highlighting their role in sensory prediction, stability assessment, scale-up and eco-design. Together, these instrumental approaches support a more data-driven and innovation-oriented formulation paradigm, enabling database development and predictive modeling. Future research should prioritize database expansion, in vivo validation and machine learning integration to further improve sensory prediction and accelerate the design of advanced cosmetic formulations.",193,,0,,,0,,Cosmetics,,2079-9284,2026-01-22,,,13,1,25,Review,,,Giovanni Tafuro | Alessia Costantini | Alessandra Semenzato,Giovanni Tafuro,3,,,,True,https://www.mdpi.com/2079-9284/13/1/25/pdf?version=1769081706,,,0,0,cosmetic formulation rheology,1.0,False,2026-09-15T13:37:17+00:00,,
10.3390/microorganisms14010248,skin microbiome cosmetic,10.3390/microorganisms14010248,https://doi.org/10.3390/microorganisms14010248,https://www.mdpi.com/2076-2607/14/1/248,/2076-2607/14/1/248,Genetic Characteristics Associated with Probiotic Functions in Four Indonesian Skin Microbiome-Derived Bacterial Strains,"The human skin microbiome has gained considerable attention as a resource for the development of innovative probiotics for cosmetic purposes or promoting skin health. However, the evaluation of new probiotic strains to ensure their “generally recognized as safe” (GRAS) status remains challenging. Here, we have subjected the annotated draft genome sequences of four human skin-derived bacterial strains, namely Bacillus subtilis MBF10-19J, Micrococcus luteus MBF05-19J, Staphylococcus hominis MBF12-19J, and Staphylococcus warneri MBF02-19J, to bioinformatic analyses to detect the genes associated with important probiotic traits, as well as undesirable characteristics such as antibiotic resistance, virulence factors, and toxic metabolites. Each bacterium harbors at least one type of adhesin-encoding gene, while only S. hominis MBF12-19J and S. warneri MBF02-19J contain the putative genes encoding enzymes for metabolism improvement. In vitro assays, including antibiotic susceptibility and antimicrobial activity testing, revealed strain-specific safety characteristics that complement the genomic findings. With regard to antibiotic resistance determinants, S. hominis MBF12-19J showed the most favorable profile, S. warneri MBF02-19J and M. luteus MBF05-19J appeared suitable when used with appropriate caution, and B. subtilis MBF10-19J exhibited amoxicillin resistance, i.e., warrants careful evaluation. Further in vivo validation is needed to determine whether these strains do indeed comply with GRAS evaluation frameworks.",201,,0,,,0,,Microorganisms,,2076-2607,2026-01-21,,,14,1,248,Article,,,Ahmad Husein Alkaff | Amarila Malik | Patricia Arabela Situmeang | Nicholas C. K. Heng,Ahmad Husein Alkaff,4,,,,True,https://www.mdpi.com/2076-2607/14/1/248/pdf?version=1769418030,,,0,0,skin microbiome cosmetic | niacinamide skin barrier,1.0,False,2026-09-11T01:25:28+00:00,,
10.3390/molecules31020335,cosmetic formulation rheology,10.3390/molecules31020335,https://doi.org/10.3390/molecules31020335,https://www.mdpi.com/1420-3049/31/2/335,/1420-3049/31/2/335,"Experimental Valorization of Recycled Palm Oil in Topical Formulations: Preparation, Characterization, and Antimicrobial Assessment","Sustainable strategies for revalorizing food industry by-products are increasingly relevant in the development of modern experimental dermato-cosmetic formulations. In this study, two semisolid cosmetic creams (R10 and EM-R10) were designed using recycled palm oil—physically purified after intensive frying—as the lipid phase. The recycled oil was incorporated strictly within a controlled experimental framework and does not imply cosmetic-grade regulatory compliance. The formulations incorporated distinct bioactive profiles: R10 combined apricot and pineapple extracts with lime essential oil, while EM-R10 integrated fir bud and green tea extracts alongside the same essential oil. Both preparations contained Fragard as a preservative and niacinamide and panthenol as vitaminic components. The physicochemical properties of the formulations were assessed through rheology, confocal microscopy, ATR-FTIR, SEM, DSC, and contact angle measurements. Antimicrobial activity was evaluated against Staphylococcus aureus , Escherichia coli , Pseudomonas aeruginosa , and Candida albicans using disk diffusion and broth microdilution assays. The results demonstrate that, despite partial thermal degradation, recycled palm oil retains modified structural features that influence formulation-related properties relevant to topical systems. EM-R10 showed superior spreadability, adhesion, stability, and diffusion-related performance, as well as improved antimicrobial activity, within the investigated experimental conditions, highlighting recycled palm oil as a promising sustainable lipid phase for experimental dermato-cosmetic formulations, pending further purification, toxicological evaluation, and regulatory compliance assessment.",212,,0,,,0,,Molecules,,1420-3049,2026-01-19,,,31,2,335,Article,,,Paula Rusu | Andreea Creteanu | Alina-Mirela Ipate | Maricel Danu | Mirela-Fernanda Zaltariov | Daniela Rusu | Cristina Gabriela Tuchilus | Gladiola Tantaru | Gabriela Lisa,Paula Rusu,9,,,,True,https://www.mdpi.com/1420-3049/31/2/335/pdf?version=1768847428,,,0,0,cosmetic formulation rheology | topical retinoid delivery systems,1.0,False,2026-09-15T13:37:17+00:00,,
10.3390/cosmetics13010012,cosmetic formulation microbiome stability,10.3390/cosmetics13010012,https://doi.org/10.3390/cosmetics13010012,https://www.mdpi.com/2079-9284/13/1/12,/2079-9284/13/1/12,Shaping the Future of Cosmetic and Pharmaceutical Chemistry—Trends in Obtaining Fine Chemicals from Natural Sources,"The pursuit of fine chemicals from natural sources is advancing rapidly, driven by a growing demand for safe, sustainable, and high-performance ingredients in cosmetic and pharmaceutical formulations. Emerging extraction and biotransformation technologies, including enzyme-assisted procedures, precision fermentation, and green solvent systems, are enabling the selective recovery of complex molecules with enhanced purity and stability. Simultaneously, AI-guided approaches to the discovery of bioactive compounds are accelerating the identification of multifunctional molecules exhibiting, for example, anti-inflammatory, antioxidant or microbiome-modulating activities. These developments not only expand the chemical diversity accessible to the cosmetic and pharmaceutical sectors but also promote the adoption of circular bioeconomy frameworks. Together, they define a new generation of natural fine chemicals with strong potential for targeted therapeutic and cosmetic applications. Accordingly, this commentary focuses on emerging trends and key technological advances in the use of renewable, natural sources for the production of fine chemicals relevant to cosmetic and pharmaceutical industries. It further highlights the critical roles of biotechnology, green chemistry, and digital innovation in shaping a more sustainable future for cosmetic and pharmaceutical chemistry.",175,,0,,,0,,Cosmetics,,2079-9284,2026-01-09,,,13,1,12,Commentary,,,Agnieszka Feliczak-Guzik | Agata Wawrzyńczak,Agnieszka Feliczak-Guzik,2,,,,True,https://www.mdpi.com/2079-9284/13/1/12/pdf?version=1767930463,,,0,0,cosmetic formulation microbiome stability,1.0,False,2026-09-15T17:41:26+00:00,,
10.3390/ijms27010504,ceramide lipid barrier restoration,10.3390/ijms27010504,https://doi.org/10.3390/ijms27010504,https://www.mdpi.com/1422-0067/27/1/504,/1422-0067/27/1/504,"Applications of Exosomes in Female Medicine: A Systematic Review of Molecular Biology, Diagnostic and Therapeutic Perspectives","Exosomes are nanoscale extracellular vesicles that mediate intercellular communication by transporting microRNAs, proteins, and lipids. Generated through Endosomal Sorting Complex Required for Transport (ESCRT)-dependent mechanisms or ESCRT-independent pathways, exosomes are released when multivesicular bodies fuse with the plasma membrane. The ESCRT-dependent pathway involves sequential protein complexes (ESCRT-0, I, II, III) that recognize and sort ubiquitinated cargo, induce membrane budding, and facilitate vesicle scission. In contrast, the ESCRT-independent pathway relies on membrane lipids such as ceramide and proteins like tetraspanins (CD9, CD63, CD81) to promote vesicle formation without ESCRT machinery. Furthermore, post-translational modifications, including ubiquitination, sumoylation, and phosphorylation, further serve as molecular switches, modulating the affinity of ESCRT complexes or cargo proteins for membrane domains and affecting ILV formation rates. In reproductive medicine, exosomes regulate oocyte maturation, embryo–endometrial crosstalk, placental development, and maternal–fetal communication. Altered exosomal signaling contributes to obstetric complications, including preeclampsia, gestational diabetes mellitus, and preterm birth, whereas distinct exosomal miRNA signatures serve as potential diagnostic biomarkers. In gynecology, dysregulated exosomes are implicated in endometriosis, polycystic ovary syndrome, premature ovarian insufficiency, and gynecological malignancies. In contrast, mesenchymal stem cell-derived exosomes show therapeutic promise in restoring ovarian function and enhancing fertility outcomes. The distinctive molecular profiles of circulating exosomes enable minimally invasive diagnosis, while their biocompatibility and ability to cross biological barriers position them as vehicles for targeted drug delivery. Characterization of accessible data provides non-invasive opportunities for disease monitoring. However, clinical translation faces challenges, including standardization of isolation protocols, establishment of reference ranges for biomarkers, and optimization of therapeutic dosing. This review summarizes exosome biogenesis, characterization methods, physiological functions, and clinical applications in obstetrics and gynecology, with an emphasis on their diagnostic and therapeutic potential. Future directions include large-scale biomarker validation studies, engineering approaches to enhance exosome targeting, and integration with precision medicine platforms to advance personalized reproductive healthcare.",300,,0,,,0,,Int. J. Mol. Sci.,,1422-0067,2026-01-03,,,27,1,504,Review,,,Heidi Mariadas | Jie-Hong Chen | Kuo-Hu Chen,Heidi Mariadas,3,,,,True,https://www.mdpi.com/1422-0067/27/1/504/pdf?version=1767688467,,,0,0,ceramide lipid barrier restoration | surfactant skin barrier disruption,0.75,False,2026-09-16T01:25:00+00:00,,
10.3390/cosmetics13010007,nanocarrier delivery epidermal penetration,10.3390/cosmetics13010007,https://doi.org/10.3390/cosmetics13010007,https://www.mdpi.com/2079-9284/13/1/7,/2079-9284/13/1/7,Systems for Mitochondria-Protective Cosmetic Actives: Opportunities in Post-Oncologic Skin Regeneration,"Post-oncologic skin is subject to multiple structural and functional impairments following chemotherapy and radiotherapy, including delayed epidermal turnover, compromised barrier integrity, and mitochondrial dysfunction. These changes can lead to persistent dryness, heightened reactivity, impaired regeneration, and reduced patient quality of life. In this context, topical dermocosmetic strategies are essential not only for improving comfort and hydration, but also for supporting key cellular pathways involved in mitochondrial protection and oxidative stress reduction. Despite the promise of natural antioxidant actives, their cutaneous efficacy is often limited by poor stability, low bioavailability, and insufficient penetration of the stratum corneum. The use of nanocarriers promotes deeper skin penetration, protects oxidation-prone antioxidant compounds, and enables a controlled and prolonged release profile. This review summarizes the current evidence (2020–2025) on skin delivery systems designed to enhance the efficacy, stability, and skin penetration of antioxidants. Knowledge gaps and future directions are outlined, highlighting how rationally engineered delivery systems for mitochondria-targeted actives could contribute to safer, more effective strategies for post-oncologic skin regeneration.",165,,0,,,0,,Cosmetics,,2079-9284,2025-12-29,,,13,1,7,Review,,,Agata Burzyńska | Agata Wawrzyńczak | Agnieszka Feliczak-Guzik,Agata Burzyńska,3,,,,True,https://www.mdpi.com/2079-9284/13/1/7/pdf?version=1767077649,,,0,0,nanocarrier delivery epidermal penetration | ceramide lipid barrier repair | surfactant skin microbiome disruption,1.0,False,2026-09-11T08:59:52+00:00,,
10.3390/ijms27010204,ceramide lipid barrier restoration,10.3390/ijms27010204,https://doi.org/10.3390/ijms27010204,https://www.mdpi.com/1422-0067/27/1/204,/1422-0067/27/1/204,"Oral Centella asiatica Extract Attenuates UVB-Induced Skin Photoaging via Antioxidant, Anti-Inflammatory, and Extracellular Matrix-Preserving Effects in Hairless Mice","Centella asiatica exhibits antioxidant, anti-inflammatory, and dermal-regenerative activities, yet the in vivo efficacy of an orally administered, dose-standardized extract against ultraviolet B (UVB)-induced photoaging has not been fully elucidated. This study investigated the protective effects of a chemically standardized C. asiatica extract (sCAE; 70 mg/g asiaticoside) in UVB-irradiated Skh:HR-1 hairless mice. Animals received oral sCAE (40 or 80 mg/kg/day) for eight weeks during repeated UVB exposure. Comprehensive assessments—including skin biophysical measurements, histological analysis, ELISA, and gene expression profiling—were performed to characterize dose-dependent responses. sCAE significantly reduced wrinkle formation, transepidermal water loss, malondialdehyde accumulation, and pro-inflammatory cytokines, while enhancing skin hydration, elasticity, antioxidant enzyme activities, and collagen expression. It also restored hyaluronic acid, ceramide, and their biosynthetic genes, and suppressed matrix metalloproteinase-1 and -9. Notably, the higher dose (80 mg/kg) consistently shifted key parameters toward normal levels, demonstrating a clear dose–response effect. These findings provide the first integrative in vivo evidence that orally administered, asiaticoside-standardized C. asiatica extract mitigates UVB-induced photoaging by concurrently improving barrier lipids, extracellular matrix integrity, inflammation, and oxidative stress, supporting its potential as a nutricosmetic agent for skin health.",182,,0,,,0,,Int. J. Mol. Sci.,,1422-0067,2025-12-24,,,27,1,204,Article,,,Yean Jung Choi | Eun-Chae Cho | Seungtae Lim | Jaemin Lee | Jaewoo Bae | Tae Kyu Oh | Jae Kyoung Lee | Eun Ji Kim,Yean Jung Choi,8,,,,True,https://www.mdpi.com/1422-0067/27/1/204/pdf?version=1766586535,,,0,0,ceramide lipid barrier restoration | surfactant skin barrier disruption | cosmetic formulation microbiome modulation,0.75,False,2026-09-16T01:25:00+00:00,,
10.3390/cosmetics12060284,skin microbiome cosmetic,10.3390/cosmetics12060284,https://doi.org/10.3390/cosmetics12060284,https://www.mdpi.com/2079-9284/12/6/284,/2079-9284/12/6/284,A Multifaceted View on Ageing of the Hair and Scalp,"Like with skin, both men and women—regardless of ethnicity—gradually lose satisfaction with changes in hair brought about by ageing. Especially when such transition is apparent by others, and that the hair condition has a significant role in an individual’s overall physical appearance and self-perception. Beyond the familiar age-related signs such as hair greying, hair loss, and hair fragility, this review includes current knowledge of biological processes underlying hair pigmentation and hair growth, highlights variations in gender and ethnicity, as well as delineates hair fibre diameter, ellipticity, and elasticity properties that collectively contribute to the characteristics of aged hair. Additionally, in view of the rising importance of enhancing scalp skin health to promote healthy hair growth, the latter part of the review focuses on age-associated alterations to the scalp skin and its microbiome. Consideration of the morphological changes in the hair fibre, biological processes occurring within the hair follicle and its enveloping scalp environment provide a unique, holistic overview of hair and scalp changes during ageing. Finally, after acknowledging the impact caused by chronological ageing and environmental stresses, it is important to recognise that healthy tresses are largely influenced by scalp skin care, and this stimulates the advancement of appropriate cosmetic solutions that help delay or improve the appearance of aged hair.",211,,0,,,0,,Cosmetics,,2079-9284,2025-12-12,,,12,6,284,Review,,,Yi Shan Lim | Carine Nizard | Karl Pays | Cecilia Brun | Robin Kurfurst,Yi Shan Lim,5,,,,True,https://www.mdpi.com/2079-9284/12/6/284/pdf?version=1767750432,,,0,0,skin microbiome cosmetic | niacinamide skin barrier,1.0,False,2026-09-11T01:25:28+00:00,,
10.3390/jaestheticmed1020010,topical retinoid delivery,10.3390/jaestheticmed1020010,https://doi.org/10.3390/jaestheticmed1020010,https://www.mdpi.com/3042-6774/1/2/10,/3042-6774/1/2/10,"Topical Management of Cellulite (Edematous-Fibro-Sclerotic Panniculopathy, EFSP): Current Insights and Emerging Approaches","Cellulite, or edematous-fibro-sclerotic panniculopathy (EFSP), is a multifactorial condition affecting most postpubertal women, characterized by surface irregularities with significant psychosocial impact. Its pathogenesis involves adipocyte metabolism, fibrous septa, microvascular dysfunction, extracellular matrix (ECM) remodeling, oxidative stress, and low-grade inflammation. Topical therapies remain among the most accessible approaches, acting on specific biological pathways. Osmotic and vSSasomodulatory formulations reduce edema and improve microcirculation, while methylxanthines such as caffeine and aminophylline promote lipolysis and enhance cutaneous blood flow. Retinoids mainly target the ECM, stimulating neocollagenesis and dermal thickening, with greater efficacy in early EFSP. Botanicals, including Centella asiatica , Rosmarinus officinalis , and Ginkgo biloba , provide antioxidant, anti-inflammatory, and venotonic effects. Randomized controlled trials consistently report modest but reproducible benefits: localized circumference reductions and improved elasticity, echogenicity, and orange-peel scores, all with excellent tolerability. Recent innovations, such as lipid nanoparticles, ultradeformable vesicles, and microneedle-assisted delivery, aim to enhance penetration, stability, and sustained bioactivity of established actives. Nonetheless, most studies are small, short-term, and heterogeneous, with limited ability to isolate the role of individual components or control for massage-related effects. Artificial intelligence offers opportunities to standardize outcome measures, optimize formulations, and personalize protocols. Overall, topical therapies are best positioned as safe, biologically active adjuncts within multimodal cellulite management.",205,,0,,,0,,J. Aesthetic Med.,,3042-6774,2025-12-01,,,1,2,10,Review,,,Antonio Di Guardo | Federica Trovato | Carmen Cantisani | Alessandra Rallo | Ilaria Proietti | Maria Elisabetta Greco | Giovanni Pellacani | Annunziata Dattola | Steven Paul Nisticò,Antonio Di Guardo,9,,,,True,https://www.mdpi.com/3042-6774/1/2/10/pdf?version=1764570792,,,0,0,topical retinoid delivery | cosmetic emulsion stability,1.0,False,2026-09-15T14:56:23+00:00,,
10.3390/life15121787,skin microbiome cosmetic,10.3390/life15121787,https://doi.org/10.3390/life15121787,https://www.mdpi.com/2075-1729/15/12/1787,/2075-1729/15/12/1787,Extremophile-Derived Bioactives in Cosmeceuticals: Bridging Nutraceuticals and Skincare for Holistic Wellness,"The integration of extremophile-derived bioactives into cosmeceuticals and nutricosmetics offers a novel strategy to enhance skin health through both topical and systemic approaches. Extremophile microorganisms, adapted to extreme conditions, produce unique compounds such as ectoine , extremozymes, carotenoids, exopolysaccharides (EPSs), and mycosporine-like amino acids (MAAs). These molecules exhibit antioxidant, anti-inflammatory, photoprotective, and regenerative properties. This review analyzes the molecular adaptations that enable extremophiles to synthesize these compounds, and explores their cosmetic applications, including enzymatic exfoliation, UV protection, hydration, and anti-pollution effects. This paper examines their nutraceutical potential, highlighting systemic benefits such as improved skin elasticity, reduced photoaging, and modulation of the gut–skin axis via prebiotic EPSs. Industrial strategies for sustainable production, such as microbial fermentation, synthetic biology, and green extraction, are discussed. Examples of commercial ingredients like PlusXanthin™, Antarctic-G, and Desertica. Extremophile-derived ingredients combine biological efficacy with environmental sustainability, positioning them as key assets for next-generation skincare. Future directions include clinical validation, regulatory harmonization, and the development of personalized, microbiome-friendly formulations.",161,,0,,,0,,Life,,2075-1729,2025-11-21,,,15,12,1787,Review,,,Emanuela Maresca | Micaela Carbone | Giovanni Gallo | Salvatore Fusco | Martina Aulitto,Emanuela Maresca,5,,,,True,https://www.mdpi.com/2075-1729/15/12/1787/pdf?version=1763709365,,,0,0,skin microbiome cosmetic | niacinamide skin barrier,1.0,False,2026-09-11T01:25:28+00:00,,
10.3390/molecules30224363,cosmetic formulation microbiome modulation,10.3390/molecules30224363,https://doi.org/10.3390/molecules30224363,https://www.mdpi.com/1420-3049/30/22/4363,/1420-3049/30/22/4363,"The Skin Microbiome and Bioactive Compounds: Mechanisms of Modulation, Dysbiosis, and Dermatological Implications","Maintaining the balance between the host and commensal microorganisms is essential for skin health. The disruption of this equilibrium (dysbiosis) can contribute to inflammatory and infectious diseases and accelerate skin aging. Dysbiosis also accompanies skin cancers and may influence their progression. Causes of dysbiosis include exogenous factors such as cosmetics, UV radiation, pollution, and diet, as well as endogenous factors like stress, hormonal imbalances, and aging. Standard antibacterial treatments often eliminate beneficial microbes and may exacerbate conditions. Consequently, there is growing interest in alternative strategies—notably natural plant- and animal-derived products—that can modulate the skin microbiome more selectively and gently. This review presents current knowledge on skin microbiome physiology and dysbiosis and discusses natural compounds and microbiome-based therapies (probiotics, prebiotics, postbiotics) that modulate the skin microbiota. Unlike prior reviews, we provide a comparative perspective on emerging compound classes (e.g., peptides, lipids) and integrate the skin–gut axis concept into the framework, highlighting mechanistic insights at molecular and clinical levels. Our synthesis emphasizes distinct modes of action and evidence levels—from in vitro mechanisms to clinical outcomes—and offers guidance for formulation of microbiome-compatible products.",180,,0,,,0,,Molecules,,1420-3049,2025-11-11,,,30,22,4363,Review,,,Katarzyna Wojciechowska | Katarzyna Dos Santos Szewczyk,Katarzyna Wojciechowska,2,,,,True,https://www.mdpi.com/1420-3049/30/22/4363/pdf?version=1762854012,,,0,0,cosmetic formulation microbiome modulation | surfactant skin barrier disruption | ceramide lipid barrier restoration,1.0,False,2026-09-16T01:24:59+00:00,,
10.3390/dermato5040021,skin microbiome cosmetic,10.3390/dermato5040021,https://doi.org/10.3390/dermato5040021,https://www.mdpi.com/2673-6179/5/4/21,/2673-6179/5/4/21,Understanding the Impact of the Skin Microbiome on Dermatological Assessments and Therapeutic Innovation,"The human skin microbiome, defined as a multifaceted ecosystem comprising bacteria, fungi, viruses, and mites, plays a pivotal role in maintaining skin homeostasis and regulating immune responses. In recent years, an increasing amount of evidence has illuminated the considerable influence exerted by microbiomes on the pathophysiology of dermatological ailments. This review provides a comprehensive synthesis of contemporary findings concerning the microbiome’s role in acne, aging, hyperpigmentation, and hair disorders, while also addressing the emerging concept of the gut–skin axis and how it could interfere in these skin disorders. Alterations in microbial composition, referred to as dysbiosis, have been associated with inflammatory processes and barrier dysfunction, thereby contributing to the severity and chronicity of diseases. Distinct microbial profiles have been identified as correlating with specific skin conditions. For instance, variations in Cutibacterium acnes phylotypes have been associated with the development of acne, whereas alterations in Corynebacterium and Staphylococcus species have been linked to the processes of aging and pigmentation patterns. Furthermore, the composition of the microbiome is examined in relation to its impact on cosmetic outcomes. It also engages with increasing interest in the modulation of microbiota through the topical application of bioactive compounds. The incorporation of prebiotics, probiotics, and postbiotics into cosmetic formulations constitutes a novel strategy aimed at enhancing skin health. In the domain of dermatological therapies, postbiotics have emerged as a significant class of substances, particularly due to their remarkable stability, safety, and immunomodulatory properties. These characteristics position them as promising candidates for incorporation into dermatological treatments. Recent studies have underscored the significance of microbiome-informed strategies within the domains of therapeutic and preventive dermatology, emphasizing the potential of such approaches to positively influence patient outcomes. As our understanding of this field continues to evolve, skin microbiomes are poised to emerge as a pivotal area of focus in the realm of personalized skin care and treatment. This development presents novel and innovative approaches for the management of skin conditions, characterized by enhanced specificity and efficacy.",326,,0,,,0,,Dermato,,2673-6179,2025-11-11,,,5,4,21,Review,,,Jéssica Ferreira Xavier-Souza | Raquel Allen Garcia Barbeto Siqueira | Beatriz Silva Moreira | Stephany Garcia Barbosa | Estella Souza Nascimento Mariano | Layra Inês Marinotti | Isabelle Gomes Costa | Bruna Sousa Requena | Thais Porta Lima | Iveta Hradkova | Vânia Rodrigues Leite-Silva | Newton Andréo-Filho | Patricia Santos Lopes,Jéssica Ferreira Xavier-Souza,13,,,,True,https://www.mdpi.com/2673-6179/5/4/21/pdf?version=1762861794,,,0,0,skin microbiome cosmetic | niacinamide skin barrier,1.0,False,2026-09-11T01:25:28+00:00,,
10.3390/cosmetics12060252,cosmetic formulation microbiome stability,10.3390/cosmetics12060252,https://doi.org/10.3390/cosmetics12060252,https://www.mdpi.com/2079-9284/12/6/252,/2079-9284/12/6/252,"Plant-Derived Extracellular Vesicles in Cosmetics: Building a Framework for Safety, Efficacy, and Quality","Plant-derived extracellular vesicles (PDEVs) are rapidly gaining popularity in cosmetics and regenerative medicine due to their biocompatibility, natural origin and promising bioactive properties. Nevertheless, the absence of standardized guidelines for their characterization has resulted in an inconsistent, unregulated landscape. This compromises product reproducibility, consumer safety, and scientific credibility. Here, a comprehensive set of minimal characterization guidelines for PDEVs is proposed to include physical and chemical profiling, molecular marker identification, cargo analysis, and stability assessment under storage and formulation conditions. Functional validation through cellular uptake assays, activity tests, and advanced in vitro or ex vivo models that replicate realistic skin exposure scenarios is pivotal. Requirements for transparent labelling, reproducible sourcing, batch-to-batch consistency, and biological activity substantiation to support claims related to skin regeneration, anti-aging, and microbiome modulation are also required. By establishing a harmonized baseline for quality and efficacy evaluation, these guidelines aim to elevate the scientific standards and promote the safe, ethical, and effective use of PDEV-based ingredients in cosmetic and biomedical applications.",163,,0,,,0,,Cosmetics,,2079-9284,2025-11-10,,,12,6,252,Review,,,Letizia Ferroni | Barbara Zavan,Letizia Ferroni,2,,,,True,https://www.mdpi.com/2079-9284/12/6/252/pdf?version=1762826398,,,0,0,cosmetic formulation microbiome stability | surfactant skin barrier irritation,1.0,False,2026-09-15T17:41:26+00:00,,
10.3390/cosmetics12050205,cosmetic formulation microbiome modulation,10.3390/cosmetics12050205,https://doi.org/10.3390/cosmetics12050205,https://www.mdpi.com/2079-9284/12/5/205,/2079-9284/12/5/205,Bioengineered Skin Microbiome: The Next Frontier in Personalized Cosmetics,"Human skin microbiome plays a fundamental role in maintaining skin health, immunity, and appearance. While current microbiome-friendly cosmetics emphasize the use of probiotics and prebiotics, recent advances in bioengineering are paving the way for a new generation of personalized and sustainable skincare solutions. This evolution is increasingly necessary given the limitations of conventional dermatological treatments in addressing individual variability. Emerging technologies such as artificial intelligence (AI), synthetic biology, and high-throughput microbiome sequencing now enable precise skin analysis and the development of tailored, more effective cosmetic formulations. This review critically examines these technological breakthroughs, including genetic modification of microbial strains, engineered delivery systems, and quorum sensing modulation, with a focus on their cosmetic and therapeutic applications. These innovations not only facilitate product customization but also reduce environmental impact by minimizing resource use, synthetic chemicals, and testing burdens aligning with sustainability goals. Several structured tables synthesize the latest findings on microbial targets, bioengineered ingredients, delivery platforms, and mechanistic pathways, providing a practical reference for researchers and product developers. Additionally, this review addresses key regulatory and safety considerations, particularly those associated with genetically modified organisms (GMOs) in cosmetic products. It highlights the need for region-specific clinical trials, toxicity assessments, and microbial safety screening to ensure consumer protection. While current frameworks offer a foundation, further ethical and environmental guidelines may be necessary as synthetic biology advances. Thus, AI-integrated synthetic biology and microbiome transplantation emerge as transformative pathways for advancing sustainable, personalized skincare innovation.",239,,0,,,0,,Cosmetics,,2079-9284,2025-09-16,,,12,5,205,Review,,,Cherelle Atallah | Ayline El Abiad | Marita El Abiad | Mantoura Nakad | Jean Claude Assaf,Cherelle Atallah,5,,,,True,https://www.mdpi.com/2079-9284/12/5/205/pdf?version=1758030150,,,0,0,cosmetic formulation microbiome modulation | surfactant skin barrier disruption,1.0,False,2026-09-16T01:24:59+00:00,,
10.3390/cosmetics12050203,surfactant skin barrier disruption,10.3390/cosmetics12050203,https://doi.org/10.3390/cosmetics12050203,https://www.mdpi.com/2079-9284/12/5/203,/2079-9284/12/5/203,A Novel In Vitro Dry Skin Model Using Minipig and Human Cadaver Skin for Evaluating Moisturizer Efficacy,"Moisturizers are key components of skincare products, and reliable test methods are essential for evaluating their barrier-repairing and hydrating efficacy. However, the viscous and waxy nature of many cosmetic moisturizers limits the applicability of conventional cell-based in vitro assays. In this study, we developed a novel in vitro dry skin model using epidermal sheets from minipig and human cadaver skin—models widely accepted in skin absorption research. To simulate dry skin conditions, various stimuli were applied, including the lipid-extracting solvent tert-butyl methyl ether (MTBE; 100%), 50/50 MTBE/Acetone solution (M/A), the irritant surfactant sodium dodecyl sulfate (SDS; 1%), ultraviolet B (UVB) irradiation (30 mJ/cm 2 ), and tape stripping. Skin barrier disruption and stratum corneum damage were evaluated by assessing epidermal lipid integrity, histological alterations, transepidermal water loss (TEWL), and FITC-dextran permeation. All treatments induced significant dry skin conditions, as evidenced by disrupted lipid architecture, histological damage, and increased TEWL and FITC-dextran flux. Among them, M/A applied for 5 min produced the most consistent and reproducible changes across parameters. This protocol also yielded comparable results in human cadaver skin, supporting its applicability for evaluating the skin barrier-protective effects of cosmetic ingredients.",189,,0,,,0,,Cosmetics,,2079-9284,2025-09-16,,,12,5,203,Article,,,Ji-Woo Choe | Bae-Gon Kang | Jeong-hyun Hong | Kwanghyeon Liu | Kyung-Min Lim,Ji-Woo Choe,5,,,,True,https://www.mdpi.com/2079-9284/12/5/203/pdf?version=1758533845,,,0,0,surfactant skin barrier disruption | cosmetic formulation rheology,1.0,False,2026-09-15T13:37:20+00:00,,
10.3390/ph18091273,topical retinoid delivery systems,10.3390/ph18091273,https://doi.org/10.3390/ph18091273,https://www.mdpi.com/1424-8247/18/9/1273,/1424-8247/18/9/1273,"A Comprehensive Review of Azelaic Acid Pharmacological Properties, Clinical Applications, and Innovative Topical Formulations","Azelaic acid (AzA), a saturated dicarboxylic acid, is indicated for the treatment of acne vulgaris, rosacea, melasma, and post-inflammatory hyperpigmentation. Its antimicrobial, anti-inflammatory, and antimelanogenic properties support its use; however, its poor aqueous solubility and limited skin permeability constrain its optimal topical delivery. This review summarizes clinical evidence and advances in formulations—including conventional vehicles, polymeric/lipid nanocarriers, and deep eutectic solvent (DES) systems—to promote more effective and well-tolerated use. Across indications, 15–20% azelaic acid (AzA) formulations produced clinically meaningful improvements with mild, transient local irritation. For acne vulgaris, reductions in inflammatory and noninflammatory lesions were comparable to those of topical retinoids/adapalene, and tolerability was superior in some studies. For rosacea, the 15% gel formulation was comparable to metronidazole in reducing papules, pustules, and erythema while maintaining negligible systemic exposure. In melasma and other dyschromias, 20% cream demonstrated efficacy similar to hydroquinone, exhibiting a favorable safety profile. Advanced delivery systems, including liposomes, niosomes/ethosomes, nanostructured lipid carriers, microemulsions, nanosponges, and DES platforms, increased AzA solubilization, cutaneous deposition, and stability. This enabled dose-sparing strategies and improved adherence. Data on AzA cocrystals and ionic salts suggest additional control over release and irritation. AzA remains a versatile and well-tolerated dermatologic agent whose performance is strongly vehicle-dependent. Rational selection and engineering of carriers, particularly DES-integrated polymeric and lipid systems, can mitigate solubility and permeability limitations, enhance skin targeting, and reduce irritation in the treatment of acne and rosacea.",231,,0,,,0,,Pharmaceuticals,,1424-8247,2025-08-26,,,18,9,1273,Review,,,Andreea-Georgiana Petrovici | Mariachiara Spennato | Ioan Bîtcan | Francisc Péter | Livius Cotarcă | Anamaria Todea | Valentin Laurențiu Ordodi,Andreea-Georgiana Petrovici,7,,,,True,https://www.mdpi.com/1424-8247/18/9/1273/pdf?version=1756210880,,,0,0,topical retinoid delivery systems | cosmetic formulation rheology | surfactant skin barrier disruption,1.0,False,2026-09-15T13:37:24+00:00,,
10.3390/app15179350,cosmetic formulation microbiome stability,10.3390/app15179350,https://doi.org/10.3390/app15179350,https://www.mdpi.com/2076-3417/15/17/9350,/2076-3417/15/17/9350,Examination of Alginite Mineral Supplementation During Fermentation of Probiotics and Its Effect on Skincare Activity of Ferment Lysates,"Technological advancements, shifting consumer preferences, and societal changes drive the cosmetics industry to evolve continuously. The cosmetics industry is experiencing a renaissance, with new ingredients that are more environmentally friendly, natural, and transparent in terms of sourcing and manufacturing and, last but not least, which are also multifunctional. The use of technology in cosmetics has been rising, including AI (artificial intelligence) and AR (augmented reality) for virtual try-ons, skin analysis tools, and smart beauty devices that provide at-home skincare treatments. Meanwhile, fermented cosmetic ingredients are becoming increasingly popular in the beauty industry due to their improved efficacy and skin benefits. The benefits include enhanced absorption, improved stability (due to the self-produced preservatives), microbiome-friendliness (supporting the skin’s microbiome), and anti-inflammatory and soothing effects. The most common cosmetic ingredients produced by microorganisms are fermented rice, soy, green tea, fruits, and vegetables. Our laboratory investigates a mineral rock called alginite, which has shown many benefits in other fields, such as agriculture and cosmetics (e.g., as a facemask). It has been proven that alginite combined with LAB (lactic acid-producing bacteria) probiotics is beneficial for health and can increase biomass production. However, cell lysates with alginite have never been investigated for cosmetic purposes. This study aimed to investigate the potential of alginite, a mineral rock, in enhancing the cosmetic properties of LAB lysates, specifically focusing on antioxidant effects, skin-whitening properties, and, in preliminary tests, skin-moisturising effects. LAB strains were cultured with and without alginite, and the resulting cell lysates were analysed for these cosmetic applications. The preliminary results suggested that alginite may boost the hydrating effect of LAB lysate, increasing it tenfold compared to LAB lysate alone. The antioxidant effect was enhanced fivefold in the case of Lactobacillus acidophilus when cultured with alginite. However, no significant effect was observed on mushroom tyrosinase inhibition, suggesting no impact on pigment formation. Further research is needed to fully understand the mechanisms underlying these effects and to explore potential applications in cosmetic formulations. Limitations of this study include the focus on specific LAB strains and the need for in vivo studies to confirm the observed effects on human skin.",350,,0,,,0,,Appl. Sci.,,2076-3417,2025-08-26,,,15,17,9350,Article,,,Pál Tóth | Áron Németh,Pál Tóth,2,,,,True,https://www.mdpi.com/2076-3417/15/17/9350/pdf?version=1756198766,,,0,0,cosmetic formulation microbiome stability | surfactant skin barrier irritation,1.0,False,2026-09-15T17:41:26+00:00,,
10.3390/pharmaceutics17091108,topical retinoid delivery,10.3390/pharmaceutics17091108,https://doi.org/10.3390/pharmaceutics17091108,https://www.mdpi.com/1999-4923/17/9/1108,/1999-4923/17/9/1108,A Mechanistic Physiologically Based Pharmacokinetic/Pharmacodynamic Modeling Approach Informed by In Vitro and Clinical Studies for Topical Administration of Adapalene Gels,"Background/Objectives: Adapalene is a synthetic retinoid used as a treatment for acne vulgaris. In this study, we attempted to evaluate the dermal pharmacokinetics of adapalene utilizing experimental and in silico tools. Methods: We utilized three over the counter (OTC) adapalene gels to evaluate local dermal pharmacokinetics. A data-driven, robust, mechanistic dermal physiologically based pharmacokinetic (PBPK) model was developed by integrating the physicochemical properties of adapalene, the formulation attributes of the gels, and the biophysical aspects of dermal absorption. The dermal PBPK model was validated against experimental data using in vitro release studies and in vitro permeation studies with human cadaver skin. A clinical study was performed to evaluate the effects of adapalene from the three gel formulations. The impact of adapalene delivery from three gels on the stratum corneum (SC) thickness, pilosebaceous unit area, keratinocyte number, and epidermal thickness was captured using a non-invasive technique, line-field confocal optical coherence tomography (LC–OCT). These responses were evaluated using an Emax model. Results: The dermal PBPK model has successfully predicted adapalene penetration profiles across different gel formulations. The model accuracy, in predicting drug release and permeation characteristics, was confirmed using the experimental data. Clinical evaluation revealed formulation-dependent differences in adapalene’s effects on measured skin parameters, with distinct pharmacodynamic profiles observed for each gel formulation. Conclusions: The overall study gave us a detailed insight into potential effects of formulation on the dermal pharmacokinetics and pharmacodynamics of adapalene using three marketed gels.",237,,0,,,0,,Pharmaceutics,,1999-4923,2025-08-25,,,17,9,1108,Article,,,Namrata S. Matharoo | Harsha T. Garimella | Thu M. Truong | Saiaditya Badeti | Joyce X. Cui | Sesha Rajeswari Talluri | Amitkumar Virani | Babar K. Rao | Bozena Michniak-Kohn,Namrata S. Matharoo,9,,,,True,https://www.mdpi.com/1999-4923/17/9/1108/pdf?version=1756873858,,,0,0,topical retinoid delivery | surfactant skin barrier disruption,1.0,False,2026-09-15T14:56:23+00:00,,
10.3390/cosmetics12040144,topical retinoid delivery systems,10.3390/cosmetics12040144,https://doi.org/10.3390/cosmetics12040144,https://www.mdpi.com/2079-9284/12/4/144,/2079-9284/12/4/144,"Decoding Skin Aging: A Review of Mechanisms, Markers, and Modern Therapies","Skin aging is a multifactorial process driven by both intrinsic mechanisms—such as telomere shortening, oxidative stress, hormonal decline, and impaired autophagy—and extrinsic influences including ultraviolet radiation, pollution, smoking, and diet. Together, these factors lead to the structural and functional deterioration of the skin, manifesting as wrinkles, pigmentation disorders, thinning, and reduced elasticity. This review provides an integrative overview of the biological, molecular, and clinical dimensions of skin aging, emphasizing the interplay between inflammation, extracellular matrix degradation, and senescence-associated signaling pathways. We examine histopathological hallmarks and molecular markers and discuss the influence of genetic and ethnic variations on aging phenotypes. Current therapeutic strategies are explored, ranging from topical agents (e.g., retinoids, antioxidants, niacinamide) to procedural interventions such as lasers, intense pulsed light, photodynamic therapy, microneedling, and injectable biostimulators. Special attention is given to emerging approaches such as microneedle delivery systems, with mention of exosome-based therapies. The review underscores the importance of personalized anti-aging regimens based on biological age, phototype, and lifestyle factors. As the field advances, integrating mechanistic insights with individualized treatment selection will be key to optimizing skin rejuvenation and preserving long-term dermal health.",184,,0,,,0,,Cosmetics,,2079-9284,2025-07-10,,,12,4,144,Review,,,Jorge Naharro-Rodriguez | Stefano Bacci | Maria Luisa Hernandez-Bule | Alfonso Perez-Gonzalez | Montserrat Fernandez-Guarino,Jorge Naharro-Rodriguez,5,,,,True,https://www.mdpi.com/2079-9284/12/4/144/pdf?version=1752142619,,,0,0,topical retinoid delivery systems | surfactant skin barrier disruption,1.0,False,2026-09-15T13:37:24+00:00,,
10.3390/antiox14060754,cosmetic formulation microbiome modulation,10.3390/antiox14060754,https://doi.org/10.3390/antiox14060754,https://www.mdpi.com/2076-3921/14/6/754,/2076-3921/14/6/754,"Prebiotic Oligosaccharides in Skin Health: Benefits, Mechanisms, and Cosmetic Applications","Prebiotic oligosaccharides have attracted significant interest in dermatology and skin health due to their ability to modulate the skin microbiome and microbiota–host interactions. This review offers a novel dual perspective, systematically examining the benefits of both oral intake and topical application of prebiotic oligosaccharides, including well-established prebiotics (e.g., human milk oligosaccharides, galacto- and fructo-oligosaccharides) and emerging prebiotic candidates (e.g., gluco-oligosaccharides, chitosan-oligosaccharides, agaro-oligosaccharides). First, cutting-edge synthetic processes for producing diverse oligosaccharides and their structural chemistry are introduced. Then, we discuss in vitro studies demonstrating their efficacy in promoting skin commensals, inhibiting pathogens, and conferring protective effects, such as antioxidant, anti-inflammatory, anti-melanogenic, and wound-healing properties. Furthermore, we emphasize in vivo animal studies and clinical trials revealing that prebiotic oligosaccharides, administered orally or topically, alleviate atopic dermatitis, enhance skin hydration, attenuate acne, and protect against photo-aging by modulating skin–gut microbiota and immune responses. Mechanistically, we integrate genetic and molecular insights to elucidate how oligosaccharides mediate these benefits, including gut–skin axis crosstalk, immune regulation, and microbial metabolite signaling. Finally, we highlight current commercial applications of oligosaccharides in cosmetic formulations while addressing scientific and practical challenges, such as structure–function relationships, clinical scalability, and regulatory considerations. This review bridges mechanistic understanding with practical applications, offering a comprehensive resource for advancing prebiotic oligosaccharides-based skincare therapies.",208,,0,,,0,,Antioxidants,,2076-3921,2025-06-18,,,14,6,754,Review,,,Meijun Zeng | Yang Li | Jie Cheng | Jingyu Wang | Qiyu Liu,Meijun Zeng,5,,,,True,https://www.mdpi.com/2076-3921/14/6/754/pdf?version=1750256981,,,0,0,cosmetic formulation microbiome modulation | surfactant skin barrier disruption,0.75,False,2026-09-16T01:24:59+00:00,,
10.3390/ph18060842,nanoliposome delivery system cosmetics,10.3390/ph18060842,https://doi.org/10.3390/ph18060842,https://www.mdpi.com/1424-8247/18/6/842,/1424-8247/18/6/842,Antioxidant Peptides Derived from Woody Oil Resources: Mechanisms of Redox Protection and Emerging Therapeutic Opportunities,"Antioxidant peptides derived from woody oil resource by-products exhibit strong free radical scavenging abilities and offer potential applications in functional foods, nutraceuticals, and cosmetics. This review summarizes the latest advances in preparation technologies, including enzymatic hydrolysis, microbial fermentation, chemical synthesis, recombinant expression, and molecular imprinting, each with distinct advantages in yield, selectivity, and scalability. The structure–activity relationships of antioxidant peptides are explored with respect to amino acid composition, molecular weight, and 3D conformation, which collectively determine their bioactivity and stability. Additionally, emerging delivery systems—such as nanoliposomes, microencapsulation, and cell-penetrating peptides—are discussed for their role in enhancing peptide stability, absorption, and targeted release. Mechanistic studies reveal that antioxidant peptides from woody oil resources act through network pharmacology, engaging core signaling pathways, including Nrf2/ARE, PI3K/Akt, AMPK, and JAK/STAT, to regulate oxidative stress, mitochondrial health, and inflammation. Preliminary safety data from in vitro, animal, and early clinical studies suggest low toxicity and favorable tolerability. The integration of omics technologies, molecular docking, and bioinformatics is accelerating the mechanism-driven design and functional validation of peptides. In conclusion, antioxidant peptides derived from woody oil resources represent a sustainable, multifunctional, and scalable solution for improving human health and promoting a circular bioeconomy. Future research should focus on structural optimization, delivery enhancement, and clinical validation to facilitate their industrial translation.",212,,0,,,0,,Pharmaceuticals,,1424-8247,2025-06-04,,,18,6,842,Review,,,Jia Tu | Jie Peng | Li Wen | Changzhu Li | Zhihong Xiao | Ying Wu | Zhou Xu | Yuxi Hu | Yan Zhong | Yongjun Miao | Jingjing Xiao | Sisi Liu,Jia Tu,12,,,,True,https://www.mdpi.com/1424-8247/18/6/842/pdf?version=1749032870,,,0,0,nanoliposome delivery system cosmetics,1.0,False,2026-09-11T01:31:50+00:00,,
10.3390/biom15050608,ceramide lipid barrier repair,10.3390/biom15050608,https://doi.org/10.3390/biom15050608,https://www.mdpi.com/2218-273X/15/5/608,/2218-273X/15/5/608,Topical Delivery of Ceramide by Oil-in-Water Nanoemulsion to Retain Epidermal Moisture Content in Dermatitis,"External environmental stressors and internal physiological changes frequently compromise the skin barrier, resulting in conditions such as dermatitis and dehydration. A key underlying factor is the depletion of ceramides, essential lipids in the stratum corneum that maintain skin integrity. Although topical ceramide supplementation is effective for barrier repair, its clinical application is limited by poor solubility and low skin permeability. To overcome these challenges, this study developed an oil-in-water nanoemulsion (O/W-NE) using ultrasonic emulsification for the efficient transdermal delivery of ceramide C2. Octyldodecanol was selected as the oil phase to enhance ceramide solubility, while glycerin was incorporated to increase aqueous phase viscosity, reduce particle size, and function as a biocompatible penetration enhancer. The optimized nanoemulsion achieved a particle size of 112.5 nm and an encapsulation efficiency of 85%. Its performance was evaluated via in vitro release, ex vivo skin permeation, and in vivo biocompatibility studies. Mechanistic investigations revealed that both particle size and glycerin concentration significantly influenced ceramide penetration into the epidermis and dermis. Additionally, the nanoemulsion exhibited moisturizing and barrier-repair effects in a damaged skin model. Overall, this O/W-NE offers a stable, non-invasive strategy for enhancing ceramide delivery and restoring skin barrier function.",194,,0,,,0,,Biomolecules,,2218-273X,2025-04-22,,,15,5,608,Article,,,Yu Zhou | Lichun Wu | Yi Zhang | Jia Hu | Jannatul Fardous | Yasuhiro Ikegami | Hiroyuki Ijima,Yu Zhou,7,,,,True,https://www.mdpi.com/2218-273X/15/5/608/pdf?version=1745410528,,,0,0,ceramide lipid barrier repair | surfactant skin microbiome disruption | nanoliposome delivery system cosmetics,1.0,False,2026-09-11T01:31:45+00:00,,
10.3390/ijms26083840,niacinamide skin barrier,10.3390/ijms26083840,https://doi.org/10.3390/ijms26083840,https://www.mdpi.com/1422-0067/26/8/3840,/1422-0067/26/8/3840,Updated Meta-Analysis on Vitamin Supplementation for Chronic Pruritus: Expanding Evidence Beyond Vitamin D,"Chronic pruritus is a distressing condition associated with various dermatological and systemic diseases, significantly impairing patients’ quality of life. While conventional treatments such as antihistamines and corticosteroids offer relief, their efficacy varies, and long-term use may lead to adverse effects. Emerging evidence suggests that certain vitamins, including vitamin D, vitamin E, vitamin B12, and niacinamide (B3), may play a role in alleviating pruritus through their anti-inflammatory, immune-regulatory, and skin barrier-enhancing properties. However, the effectiveness of these vitamins in managing chronic pruritus remains unclear. This meta-analysis aims to update and expand the evaluation of vitamin supplementation in reducing pruritus severity across different underlying conditions, extending the scope beyond vitamin D to include vitamins B and E. A comprehensive search was performed across PubMed, Embase, Web of Science, and Cochrane Library databases up to January 2025 to identify randomized controlled trials (RCTs) evaluating the effects of vitamin supplementation on chronic pruritus. A total of 21 RCTs ( n = 1723) were included in the meta-analysis. Compared to placebo, vitamin supplementation demonstrated a significant reduction in pruritus severity (Standardized Mean Difference [SMD]: −0.578, 95% CI: −0.736 to −0.419, p = 0.000; I 2 = 53.630, p = 0.003). Subgroup analysis revealed that topical vitamin B12 and vitamin D3 showed the most pronounced antipruritic effects, particularly in patients with atopic dermatitis and chronic kidney disease-associated pruritus. Sensitivity analysis confirmed the robustness of the findings; however, potential publication bias was suggested by Egger’s regression test ( p = 0.00979), indicating that the overall effect may be influenced by small-study effects or underreporting of negative results. This meta-analysis indicates that vitamin B, D, and E supplementation may serve as effective adjunct therapies for managing chronic pruritus. However, the variability among the included studies highlights the necessity for well-structured, long-term RCTs to determine the ideal dosage, treatment duration, and target patient populations that would derive the greatest benefit from vitamin-based interventions.",314,,0,,,0,,Int. J. Mol. Sci.,,1422-0067,2025-04-18,,,26,8,3840,Article,,,Wu-Hsien Kuo | Ko-Shih Chang | Mu-Hsin Chang | Yao Hsiao | Ru-Yin Tsai,Wu-Hsien Kuo,5,,,,True,https://www.mdpi.com/1422-0067/26/8/3840/pdf?version=1745210698,,,0,0,niacinamide skin barrier | skin microbiome cosmetic,1.0,False,2026-09-11T01:25:26+00:00,,
10.3390/cosmetics12020076,cosmetic formulation rheology,10.3390/cosmetics12020076,https://doi.org/10.3390/cosmetics12020076,https://www.mdpi.com/2079-9284/12/2/76,/2079-9284/12/2/76,On the Key Role of Polymeric Rheology Modifiers in Emulsion-Based Cosmetics,"Emulsions play a crucial part in the whole beauty and care market, especially in skin and hair care domains where, due to their extraordinary versatility, they represent most of the finite products. Being thermodynamically unstable, one key aspect of their formulation is the use of stabilizers that ensure a long lifetime under different conditions. In this framework a key role is related to rheology modifiers, which include all those raw ingredients added to achieve, among others, desirable inflow characteristics that would not be possible to gain in their absence. In this review, strong attention was dedicated to different polymers and formulation strategies to understand the key role of these ingredients, widely used in emulsion-based cosmetics formulations.",116,,0,,,0,,Cosmetics,,2079-9284,2025-04-11,,,12,2,76,Review,,,Matteo Franceschini | Fabio Pizzetti | Filippo Rossi,Matteo Franceschini,3,,,,True,https://www.mdpi.com/2079-9284/12/2/76/pdf?version=1744353770,,,0,0,cosmetic formulation rheology | surfactant skin barrier disruption,1.0,False,2026-09-15T13:37:17+00:00,,
10.3390/biomedicines13040781,topical retinoid delivery systems,10.3390/biomedicines13040781,https://doi.org/10.3390/biomedicines13040781,https://www.mdpi.com/2227-9059/13/4/781,/2227-9059/13/4/781,Novel Small-Molecule Treatment and Emerging Biological Therapy for Psoriasis,"Psoriasis is an immune-related disorder that is marked by abnormal thickening of the skin, the rapid multiplication of keratinocytes, and complex interactions between immune cells and the affected areas. Although psoriasis cannot currently be cured, drugs can alleviate symptoms by regulating immune homeostasis and preventing comorbidities. There are many types of drugs to treat psoriasis: small-molecule drugs, including corticosteroids; retinoids; vitamin D analogs; and immunosuppressants, such as glucocorticoid ointment, tretinoin cream, methotrexate tablets, etc. Macromolecular biological drugs, such as Certolizumab, Secukinumab, Guselkumab, etc., include monoclonal antibodies that target various inflammatory signaling pathways. Compared with traditional small-molecule drugs, biological therapies offer better targeting and lower systemic side effects, but their high costs and invasive administration modes constrict their widespread use. Spesolimab is the latest biological agent used to target the interleukin-36 receptor (IL-36R) to be approved for market use, which significantly reduces the risk of general pustular psoriasis (GPP) flare by 84%. Additionally, there are several biological agents used to target the interleukin-23/T helper 17 cell pathway that have already entered Phase II and III clinical trials. At present, the first-line therapeutic strategy for mild psoriasis is topical administration. Systemic therapy and phototherapy are preferred for treating moderate to severe types. However, the current therapeutic drugs for psoriasis cannot completely meet the clinical needs. More advanced drug delivery systems with optimized target effects and better bioavailability are required. Nanocarriers are emerging for the delivery of proteins, nucleic acids, and cell-based therapies. In this review, we analyze the current status of psoriasis therapeutics and discuss novel delivery systems for diverse psoriasis drugs, as well as emerging cell-based therapies. We also summarize the therapeutic effectiveness of different delivery strategies.",276,,0,,,0,,Biomedicines,,2227-9059,2025-03-23,,,13,4,781,Review,,,Yuanyuan Li | Yiheng Cheng | Yuchen Cai | Zhenduo Duan | Hong Xu | Yunan Huang | Xiaonan Ma | Xiaofei Xin | Lifang Yin,Yuanyuan Li,9,,,,True,https://www.mdpi.com/2227-9059/13/4/781/pdf?version=1742739460,,,0,0,topical retinoid delivery systems | surfactant skin barrier disruption,1.0,False,2026-09-15T13:37:24+00:00,,
10.3390/app15052526,surfactant skin barrier irritation,10.3390/app15052526,https://doi.org/10.3390/app15052526,https://www.mdpi.com/2076-3417/15/5/2526,/2076-3417/15/5/2526,Encapsulation of Rose Extract in Polyurethane Structures Modified for Enhanced Aqueous Solubility,"Background: The volatile compounds present in rose extracts exhibit significant potential applications in medicine and cosmetics due to their capacity to enhance skin hydration and barrier function, two factors that are crucial for anti-aging and skin protection. The antimicrobial, anti-inflammatory, and analgesic properties of these extracts also suggest their potential utility in oral health applications. The aim of the current study was to obtain a new type of polyurethane delivery system based on a polyaddition process in the presence of a surfactant. Methods: Lysine-diisocyanate, polyethylene glycol, polycaprolactone diol, hexanediol, glycerol-1,2-diacetate, Tween ® 20, and caffeine were used to synthesize two samples of PU structures, one with and one without rose extract. The structures’ shape, size and surface charge, encapsulation efficacy, pH, solubility, release kinetics, and permeation rate were all assessed; the irritation potential of samples was verified by skin parameters testing the cytotoxicity by in vitro cell viability assay. Results: Within our findings, structures measuring between 98 and 203 nm were found, while the sample containing the rose extract showed an entrapment efficacy of 71.76%. Almost 90% of the structures penetrated the membrane in 48 h, and around 45% were released from the carrier in the same period. Biosafety evaluations conducted both in vivo and in vitro confirmed that PU structures are safe as delivery vehicles. Conclusions: This study shows the potential of polyurethane structures with rose extracts for use in biomedical applications and cosmetics. However, more research is needed to examine the clinical testing of polyurethane delivery systems and optimize release kinetics and permeation rates for particular therapeutic uses.",260,,0,,,0,,Appl. Sci.,,2076-3417,2025-02-26,,,15,5,2526,Article,,,Ramona-Carmen Albulescu | Livia-Cristina Borcan | Florin Borcan | Camelia-Alexandrina Szuhanek,Ramona-Carmen Albulescu,4,,,,True,https://www.mdpi.com/2076-3417/15/5/2526/pdf?version=1740645540,,,0,0,surfactant skin barrier irritation | cosmetic formulation microbiome stability | ceramide lipid barrier repair,1.0,False,2026-09-15T17:41:24+00:00,,
10.3390/ph18020209,topical retinoid delivery systems,10.3390/ph18020209,https://doi.org/10.3390/ph18020209,https://www.mdpi.com/1424-8247/18/2/209,/1424-8247/18/2/209,Nanoparticle-Encapsulated Plant Polyphenols and Flavonoids as an Enhanced Delivery System for Anti-Acne Therapy,"This study conducted a literature review by searching for articles related to the treatment of skin infections/wrinkles using nano-delivery systems containing natural compounds. The search was conducted in various databases for articles published in the last 10 years, with strict inclusion and exclusion criteria. Of the 490 articles found, 40 were considered relevant. Acne vulgaris is a common dermatological disorder characterised by inflammation of the sebaceous glands, often resulting in the development of pimples, cysts, and scarring. Conventional treatments, including antibiotics and topical retinoids, frequently demonstrate limitations such as side effects, resistance, and insufficient skin absorption. Recent advancements in nanotechnology have enabled the creation of innovative drug-delivery systems that enhance the effectiveness and reduce the adverse effects of anti-acne medications. Polyphenols and flavonoids, natural bioactive compounds with notable anti-inflammatory, antioxidant, and antibacterial properties, are recognised for their therapeutic effectiveness in acne treatment. However, their practical application is hindered by insufficient solubility, stability, and bioavailability. The incorporation of these compounds into nanoparticle-based delivery systems has shown promise in resolving these challenges. Various nanoparticle platforms, including lipid-based nanoparticles, polymeric nanoparticles, and solid lipid nanoparticles, are evaluated for their ability to improve the stability, controlled release, and targeted delivery of polyphenols and flavonoids to the skin. The advent of polyphenol and flavonoid-loaded nanoparticles marks a new acne therapy era.",216,,0,,,0,,Pharmaceuticals,,1424-8247,2025-02-04,,,18,2,209,Review,,,Ririn Puspadewi | Tiana Milanda | Muhaimin Muhaimin | Anis Yohana Chaerunisaa,Ririn Puspadewi,4,,,,True,https://www.mdpi.com/1424-8247/18/2/209/pdf?version=1739518177,,,0,0,topical retinoid delivery systems | surfactant skin barrier disruption,1.0,False,2026-09-15T13:37:24+00:00,,
10.3390/ijms26020674,ceramide lipid matrix delivery,10.3390/ijms26020674,https://doi.org/10.3390/ijms26020674,https://www.mdpi.com/1422-0067/26/2/674,/1422-0067/26/2/674,Establishing a General Atomistic Model for the Stratum Corneum Lipid Matrix Based on Experimental Data for Skin Permeation Studies,"Understanding the permeation of drugs through the intercellular lipid matrix of the stratum corneum layer of skin is crucial for effective transdermal delivery. Molecular dynamics simulations can provide molecular insights into the permeation process. In this study, we developed a new atomistic model representing the multilamellar arrangement of lipids in the stratum corneum intercellular space for permeation studies. The model was built using ceramides in extended conformation as the backbone along with free fatty acids and cholesterol. The properties of the equilibrated model were in agreement with the neutron scattering data and hydration behavior previously reported in the literature. The permeability of molecules, such as water, benzene and estradiol, and the molecular mechanism of action of permeation enhancers, such as eucalyptol and limonene, were evaluated using the model. The new model can be reliably used for studying the permeation of small molecules and for gaining mechanistic insights into the action of permeation enhancers.",153,,0,,,0,,Int. J. Mol. Sci.,,1422-0067,2025-01-15,,,26,2,674,Article,,,Navaneethan Radhakrishnan | Sunil C. Kaul | Renu Wadhwa | Lee-Wei Yang | Durai Sundar,Navaneethan Radhakrishnan,5,,,,True,https://www.mdpi.com/1422-0067/26/2/674/pdf?version=1736926026,,,0,0,ceramide lipid matrix delivery | surfactant skin barrier disruption,1.0,False,2026-09-15T18:17:22+00:00,,
10.3390/ma18020266,cosmetic formulation rheology,10.3390/ma18020266,https://doi.org/10.3390/ma18020266,https://www.mdpi.com/1996-1944/18/2/266,/1996-1944/18/2/266,Stability and Rheological Properties of the Novel Silica-Based Organogel—A Drug Carrier with High Solubilization Potential,"Dissolution of a poorly soluble active pharmacological substance in a drug carrier usually requires advanced techniques and production equipment. The use of novel carriers such as microemulsions, vesicles, or nanocarriers might entail various limitations concerning production cost, formulation stability, or active substance capacity. In this paper, we present a novel fumed silica-based organogel as a low-cost, simple preparation drug or cosmetic carrier with interesting rheological properties and high solubilization capacity. The objective of the study was to characterize the utility aspects of the new dermatological base with special emphasis on stability, rheology, and release studies. Various formulations of a silica organogel base with poorly soluble active pharmacological substances such as propolis or ibuprofen were prepared and tested. The studies of thermal stress, enforced syneresis, and long-term stability were performed along with analyses of rheological profiles of alkali-dependent sol–gel transformation and organogel release. The new drug vehicle shows high thermodynamic stability, thixotropic rheology and first-order release profile. Such properties are promising for commercial utility as a dermatologically applied base for poorly soluble substances.",172,,0,,,0,,Materials,,1996-1944,2025-01-09,,,18,2,266,Article,,,Grzegorz Suwiński | Izabela Nowak,Grzegorz Suwiński,2,,,,True,https://www.mdpi.com/1996-1944/18/2/266/pdf?version=1736421780,,,0,0,cosmetic formulation rheology,1.0,False,2026-09-15T13:37:17+00:00,,
10.3390/ijms26010246,ceramide lipid barrier repair,10.3390/ijms26010246,https://doi.org/10.3390/ijms26010246,https://www.mdpi.com/1422-0067/26/1/246,/1422-0067/26/1/246,The Role of Linoleic Acid in Skin and Hair Health: A Review,"Lipids are intimately associated with skin condition. This review aims to discuss the function of linoleic acid (LA, 18:2, ω-6), an essential fatty acid, in skin health and hair growth. In skin, LA can be metabolized into ω-6 unsaturated fatty acid, oxidized derivatives and incorporated into complex lipid molecules, including ω-hydroxy-ceramides. Previous research has revealed that skin diseases including acne, atopic dermatitis and psoriasis are associated with disordered LA metabolism. Studies based on animal or skin cell models suggest that LA or LA-rich vegetable oils, topically applied, exhibit diverse biological activities, including the repair of the skin barrier, the promotion of wound healing, skin whitening, photoprotection, anti-inflammatory effects and the stimulation of hair growth. Moreover, the underlying mechanisms of LA’s beneficial effects on skin are summarized. Further research on the correlation of LA metabolism and skin disorders, a deeper exploration of the mechanisms underlying the function of LA in skin management and more investigations of its clinical application are required to enhance the understanding and utilization of LA in cosmetics and pharmaceuticals.",172,,0,,,0,,Int. J. Mol. Sci.,,1422-0067,2024-12-30,,,26,1,246,Review,,,Xi Wang | Yan Jia | Huaming He,Xi Wang,3,,,,True,https://www.mdpi.com/1422-0067/26/1/246/pdf?version=1735572147,,,0,0,ceramide lipid barrier repair | surfactant skin microbiome disruption | nanoliposome delivery system cosmetics,1.0,False,2026-09-11T01:31:45+00:00,,
10.3390/life14121677,niacinamide skin barrier,10.3390/life14121677,https://doi.org/10.3390/life14121677,https://www.mdpi.com/2075-1729/14/12/1677,/2075-1729/14/12/1677,"Pilot Study on the Effects of a Cosmetic Serum Containing Niacinamide, Postbiotics and Peptides on Facial Skin in Healthy Participants: A Randomized Controlled Trial","The literature describes niacinamide, but also postbiotics and peptides, as ingredients that improve skin barrier function, but also affect melanin and sebum levels in individuals. However, the combined effects of these ingredients in a single cosmetic serum have not been sufficiently investigated. Therefore, the aim of this randomized controlled study, conducted at the University of Split School of Medicine (Croatia), was to evaluate the effects of cosmetic products containing these active ingredients. This study was registered with ClinicalTrials.gov (NCT06189105) and has been completed. Primary outcomes were the levels of trans epidermal water loss, skin hydration, erythema, melanin, and sebum, all measured in 25 healthy Caucasian participants. Significant differences between hydration levels were observed at week 4 (61.0 ± 11.2 vs. 68.6 ± 13.3 AU, control and intervention). Moreover, a significant decrease in erythema values from the first to last measurement in the intervention group was observed, (379.9 ± 106.8 vs. 333.6 ± 73.5 AU, baseline values and week 4, intervention group). Interestingly, both the increase in skin hydration levels and the decrease in skin erythema after niacinamide serum application were significant in study participants who did not use sun protection products. It is well known that ultraviolet radiation has detrimental effects on human skin, and our results suggest that niacinamide could help counteract these effects.",215,,0,,,0,,Life,,2075-1729,2024-12-18,,,14,12,1677,Article,,,Doris Rusic | Magdalena Ivic | Ana Slugan | Dario Leskur | Darko Modun | Toni Durdov | Dubravka Vukovic | Josipa Bukic | Josko Bozic | Ana Seselja Perisin,Doris Rusic,10,,,,True,https://www.mdpi.com/2075-1729/14/12/1677/pdf?version=1734511131,,,0,0,niacinamide skin barrier | skin microbiome cosmetic,1.0,False,2026-09-11T01:25:26+00:00,,
10.3390/biomedicines12092028,cosmetic formulation rheology,10.3390/biomedicines12092028,https://doi.org/10.3390/biomedicines12092028,https://www.mdpi.com/2227-9059/12/9/2028,/2227-9059/12/9/2028,The Impact of Temperature and the Duration of Freezing on a Hydrogel Used for a 3D-Bioprinted In Vitro Skin Model,"Skin bioprinting has the potential to revolutionize treatment approaches for injuries and surgical procedures, while also providing a valuable platform for assessing and screening cosmetic and pharmaceutical products. This technology offers key advantages, including flexibility and reproducibility, which enable the creation of complex, multilayered scaffolds that closely mimic the intricate microenvironment of native skin tissue. The development of an ideal hydrogel is critical for the successful bioprinting of these scaffolds with incorporated cells. In this study, we used a hydrogel formulation developed in our laboratory to fabricate a 3D-bioprinted skin model. The hydrogel composition was carefully selected based on its high compatibility with human skin cells, incorporating alginate, methyl cellulose, and nanofibrillated cellulose. One of the critical challenges in this process, particularly for its commercialization and large-scale production, is ensuring consistency with minimal batch-to-batch variations. To address this, we explored methods with which to preserve the physicochemical properties of the hydrogels, with a focus on freezing techniques. We validated the pre-frozen hydrogels’ printability, rheology, and mechanical and surface properties. Our results revealed that extended freezing times significantly reduced the viscosity of the formulations due to ice crystal formation, leading to a redistribution of the polymer chains. This reduction in viscosity resulted in a more challenging extrusion and increased macro- and microporosity of the hydrogels, as confirmed by nanoCT imaging. The increased porosity led to greater water uptake, swelling, compromised scaffold integrity, and altered degradation kinetics. The insights gained from this study lay a solid foundation for advancing the development of an in vitro skin model with promising applications in preclinical and clinical research.",263,,0,,,0,,Biomedicines,,2227-9059,2024-09-05,,,12,9,2028,Article,,,Maja Sever | Dominik Škrinjar | Tina Maver | Monika Belak | Franc Zupanič | Ivan Anžel | Tanja Zidarič,Maja Sever,7,,,,True,https://www.mdpi.com/2227-9059/12/9/2028/pdf?version=1725529560,,,0,0,cosmetic formulation rheology | surfactant skin barrier disruption,1.0,False,2026-09-15T13:37:17+00:00,,
10.3390/cosmetics11040122,cosmetic formulation microbiome modulation,10.3390/cosmetics11040122,https://doi.org/10.3390/cosmetics11040122,https://www.mdpi.com/2079-9284/11/4/122,/2079-9284/11/4/122,Cosmetic Efficacy of the Topical Probiotic Micrococcus luteus Q24 in Healthy Human Adults,"Probiotics in cosmetics represent a new and burgeoning area of research, attracting attention from cosmetic manufacturers and customers looking for natural or additional alternatives in their skincare regimens. Probiotics not only promote beneficial microbiomes to improve skin health but can also modulate the visual, topographical, and mechanical attributes to improve skin quality. This study was conducted in healthy adults to determine the effect of direct skin application of a topical serum formulation containing the live probiotic Micrococcus luteus Q24 on several key cosmetic skin quality parameters and its beneficial impact on the modulation of the skin microbiome. Quantitative changes in various skin parameters were measured using a skin analyser device and skin swabs were analysed using whole-genome sequencing to monitor microbial diversity and levels of probiotic colonization. Compared to the baseline, significant reductions in the pores, spots, wrinkles, and impurities scores, and an increase of 101% in the hydration score were observed. Additionally, 45–80% of participants showed a decrease in pores, spots, wrinkles, and impurities and 90% of participants showed an increase in hydration after 25 days of probiotic serum application. The WGS analysis of the skin swab samples showed a significant increase in the relative abundance of M. luteus Q24. The results from this study indicate that topical application of a serum containing the probiotic M. luteus Q24 offers the benefit of improving skin health quality.",227,,0,,,0,,Cosmetics,,2079-9284,2024-07-18,,,11,4,122,Article,,,Isabella J. McLoughlin | Abigail L. Voss | John D. F. Hale | Rohit Jain,Isabella J. McLoughlin,4,,,,True,https://www.mdpi.com/2079-9284/11/4/122/pdf?version=1721282096,,,0,0,cosmetic formulation microbiome modulation | surfactant skin barrier disruption,1.0,False,2026-09-16T01:24:59+00:00,,
10.3390/gels10070466,ceramide lipid barrier repair,10.3390/gels10070466,https://doi.org/10.3390/gels10070466,https://www.mdpi.com/2310-2861/10/7/466,/2310-2861/10/7/466,Functional Nanostructured Lipid Carrier-Enriched Hydrogels Tailored to Repair Damaged Epidermal Barrier,"In this study, a functional nanostructured lipid carriers (NLCs)-based hydrogel was developed to repair the damaged epidermal skin barrier. NLCs were prepared via a high-energy approach, using argan oil and beeswax as liquid and solid lipids, respectively, and were loaded with ceramides and cholesterol at a physiologically relevant ratio, acting as structural and functional compounds. Employing a series of surfactants and optimizing the preparation conditions, NLCs of 215.5 ± 0.9 nm in size and a negative zeta potential of −42.7 ± 0.9 were obtained, showing acceptable physical and microbial stability. Solid state characterization by differential scanning calorimetry and X-ray powder diffraction revealed the formation of imperfect crystal NLC-type. The optimized NLC dispersion was loaded into the gel based on sodium hyaluronate and xanthan gum. The gels obtained presented a shear thinning and thixotropic behavior, which is suitable for dermal application. Incorporating NLCs enhanced the rheological, viscoelastic, and textural properties of the gel formed while retaining the suitable spreadability required for comfortable application and patient compliance. The NLC-loaded gel presented a noticeable occlusion effect in vitro. It provided 2.8-fold higher skin hydration levels on the ex vivo porcine ear model than the NLC-free gel, showing a potential to repair the damaged epidermal barrier and nourish the skin actively.",207,,0,,,0,,Gels,,2310-2861,2024-07-16,,,10,7,466,Article,,,Radwan Joukhadar | Laura Nižić Nodilo | Jasmina Lovrić | Anita Hafner | Ivan Pepić | Mario Jug,Radwan Joukhadar,6,,,,True,https://www.mdpi.com/2310-2861/10/7/466/pdf?version=1721271784,,,0,0,ceramide lipid barrier repair | surfactant skin microbiome disruption,1.0,False,2026-09-11T01:31:45+00:00,,
10.3390/cosmetics11020060,cosmetic formulation rheology,10.3390/cosmetics11020060,https://doi.org/10.3390/cosmetics11020060,https://www.mdpi.com/2079-9284/11/2/60,/2079-9284/11/2/60,Eco-Designing Cosmetic Products while Preserving the Sensorial-Application Properties: An Instrumental Approach toward Sustainable Formulations,"Driven by growing environmental concerns and regulations, cosmetic companies are seeking reliable methods to promptly assess the possibility of replacing high-impact ingredients with sustainable alternatives. In this work, we exploited rheological and texture analyses to evaluate the possibility of using natural and biodegradable raw materials for reformulating three commercial oil-in-water skin care emulsions from an eco-design perspective. Synthetic texturizers, like nylon-12 and PMMA, were replaced with starch, maltodextrin, and silica, while acrylic rheological modifiers were substituted with polysaccharide associations of sclerotium gum, xanthan gum, diutan gum, and carrageenan. Plant-based emollients and a biodegradable elastomer were used as alternatives to silicone oils. The flow and viscoelastic properties of the samples were characterized using rheological tests under continuous and oscillatory flow conditions. The immersion/de-immersion texture analysis allowed us to measure the mechanical properties of firmness, adhesiveness, and stringiness. A double-blind sensory test assessed the products’ application and sensory characteristics. The results revealed that rheology and texture analysis are complementary and correlated techniques, useful for predicting cosmetics’ sensory characteristics. While perfect replication of the original formulas might not be achievable, this protocol can aid formulators in selecting new eco-friendly ingredients ensuring the products’ desired application and sensory properties without compromising consumer experience.",199,,0,,,0,,Cosmetics,,2079-9284,2024-04-15,,,11,2,60,Article,,,Giovanni Tafuro | Alessia Costantini | Mario Piatto | Silvia Lucchetti | Stefano Francescato | Laura Busata | Giovanni Baratto | Alessandra Semenzato,Giovanni Tafuro,8,,,,True,https://www.mdpi.com/2079-9284/11/2/60/pdf?version=1713180491,,,0,0,cosmetic formulation rheology | surfactant skin barrier disruption,1.0,False,2026-09-15T13:37:17+00:00,,
10.3390/cosmetics11020051,topical retinoid delivery systems,10.3390/cosmetics11020051,https://doi.org/10.3390/cosmetics11020051,https://www.mdpi.com/2079-9284/11/2/51,/2079-9284/11/2/51,Recent Advances in Microneedling-Assisted Cosmetic Applications,"Microneedling, also known as percutaneous collagen induction, using microneedling devices and fabricated microneedle patches, has been widely employed in cosmetic applications for acne scar treatment, skin care, hair loss, melasma, skin rejuvenation, and skin cancer. The micro-channels formed by microneedling through the stratum corneum facilitate the delivery of cosmetic agents and stimulate collagen and elastin production by inducing the wound-healing cascade, keeping the skin shiny and wrinkle-free. Several cosmetic agents, such as ascorbic acid, hyaluronic acid, retinoids, niacinamide, and peptides, have been delivered by microneedling. This review aims to highlight the use of microneedling devices and fabricated microneedle patches in facilitating the delivery of cosmetic agents through the skin layers. Moreover, the differences between the microneedling devices, commonly used alone or in combinational treatments with topical formulations, are explored. Furthermore, the safety of microneedling in terms of skin irritation, pain sensation, skin or systemic infection, and chemical and biological materials used in the fabrication of microneedles is discussed.",158,,0,,,0,,Cosmetics,,2079-9284,2024-04-02,,,11,2,51,Review,,,Rania Hamed | Baraah Jehad Abu Nahia | Ahlam Zaid Alkilani | Yasmeen Al-Adhami | Rana Obaidat,Rania Hamed,5,,,,True,https://www.mdpi.com/2079-9284/11/2/51/pdf?version=1712030865,,,0,0,topical retinoid delivery systems | cosmetic formulation rheology | surfactant skin barrier disruption,0.75,False,2026-09-15T13:37:24+00:00,,
10.3390/ijms25073790,ceramide lipid barrier repair,10.3390/ijms25073790,https://doi.org/10.3390/ijms25073790,https://www.mdpi.com/1422-0067/25/7/3790,/1422-0067/25/7/3790,Exploring Skin Wound Healing Models and the Impact of Natural Lipids on the Healing Process,"Cutaneous wound healing is a complex biological process involving a series of well-coordinated events aimed at restoring skin integrity and function. Various experimental models have been developed to study the mechanisms underlying skin wound repair and to evaluate potential therapeutic interventions. This review explores the diverse array of skin wound healing models utilized in research, ranging from rodent excisional wounds to advanced tissue engineering constructs and microfluidic platforms. More importantly, the influence of lipids on the wound healing process is examined, emphasizing their role in enhancing barrier function restoration, modulating inflammation, promoting cell proliferation, and promoting remodeling. Lipids, such as phospholipids, sphingolipids, and ceramides, play crucial roles in membrane structure, cell signaling, and tissue repair. Understanding the interplay between lipids and the wound microenvironment provides valuable insights into the development of novel therapeutic strategies for promoting efficient wound healing and tissue regeneration. This review highlights the significance of investigating skin wound healing models and elucidating the intricate involvement of lipids in the healing process, offering potential avenues for improving clinical outcomes in wound management.",174,,0,,,0,,Int. J. Mol. Sci.,,1422-0067,2024-03-28,,,25,7,3790,Review,,,Vivek Choudhary | Mrunal Choudhary | Wendy B. Bollag,Vivek Choudhary,3,,,,True,https://www.mdpi.com/1422-0067/25/7/3790/pdf?version=1711951336,,,0,0,ceramide lipid barrier repair | surfactant skin microbiome disruption,1.0,False,2026-09-11T01:31:45+00:00,,
10.3390/ijms25063398,nanoliposome delivery system cosmetics,10.3390/ijms25063398,https://doi.org/10.3390/ijms25063398,https://www.mdpi.com/1422-0067/25/6/3398,/1422-0067/25/6/3398,Xanthohumol—A Miracle Molecule with Biological Activities: A Review of Biodegradable Polymeric Carriers and Naturally Derived Compounds for Its Delivery,"Xanthohumol (Xn), a prenylated chalcone found in Hop ( Humulus lupulus L.), has been shown to have potent anti-aging, diabetes, inflammation, microbial infection, and cancer properties. Unfortunately, this molecule has undesirable characteristics such as inadequate intake, low aqueous solubility, and a short half-life. To address these drawbacks, researchers have made numerous attempts to improve its absorption, solubility, and bioavailability. Polymeric drug delivery systems (PDDSs) have experienced significant development over the last two decades. Polymeric drug delivery is defined as a formulation or device that allows the introduction of a therapeutic substance into the body. Biodegradable and bioreducible polymers are the ideal choice for a variety of new DDSs. Xn formulations based on biodegradable polymers and naturally derived compounds could solve some of the major drawbacks of Xn-based drug delivery. In this regard, the primary concern of this study is on presenting innovative formulations for Xn delivery, such as nanoparticles (NPs), nanomicelles, nanoliposomes, solid lipid nanoparticles (SLNs), and others, as well as the received in vitro and in vivo data. Furthermore, this work describes the chemistry and broad biological activity of Xn, which is particularly useful in modern drug technology as well as the cosmetics industry. It is also important to point out that the safety of using Xn, and its biotransformation, pharmacokinetics, and clinical applications, have been thoroughly explained in this review.",222,,0,,,0,,Int. J. Mol. Sci.,,1422-0067,2024-03-17,,,25,6,3398,Review,,,Ewa Oledzka,Ewa Oledzka,1,,,,True,https://www.mdpi.com/1422-0067/25/6/3398/pdf?version=1710666790,,,0,0,nanoliposome delivery system cosmetics | ceramide lipid barrier repair,1.0,False,2026-09-11T01:31:50+00:00,,
10.3390/dermato4010002,niacinamide skin barrier,10.3390/dermato4010002,https://doi.org/10.3390/dermato4010002,https://www.mdpi.com/2673-6179/4/1/2,/2673-6179/4/1/2,Considering Phytosphingosine-Based Ceramide Formulations for Atopic Skin Care,"This review provides an overview of the structural and functional features of key phytosphingosine-based ceramides (CERs), notably CER[EOP], CER[NP], and CER[AP], and their role in atopic skin health. Herein, we discuss how these indispensable stratum corneum (SC) lipids maintain skin barrier homeostasis and contribute to the skin’s barrier function in terms of its cohesiveness and resilience. We also consider the usefulness of CER[EOP], CER[NP], and CER[AP] in preserving skin hydration and protecting and/or repairing dry, itchy, or sensitive skin. Next, we explore how and to what extent an imbalance or inadequate amounts of CER[EOP], CER[NP], and CER[AP] contribute to the hallmark characteristics of atopic skin diseases like eczema. Furthermore, we discuss the importance of complementary SC resident lipids such as cholesterol (CHOL) and free fatty acids (FFAs), which are crucial for optimal CER function. Studies have shown that delivering topical CERs in balanced and optimal combination with CHOL and FFAs—while supporting and boosting the endogenous biosynthesis of CERs using ingredients such as niacinamide and lactic acid—helps relieve symptoms of atopic diseases to provide some measure of relief. Finally, we look at some emerging ingredients that can complement the science of CERs in healthy and diseased skin.",196,,0,,,0,,Dermato,,2673-6179,2024-03-13,,,4,1,2,Review,,,Dalibor Mijaljica | Joshua P. Townley | Angelina Hondros | Caroline Hewson | Ian P. Harrison | Fabrizio Spada,Dalibor Mijaljica,6,,,,True,https://www.mdpi.com/2673-6179/4/1/2/pdf?version=1710322547,,,0,0,niacinamide skin barrier | skin microbiome cosmetic,1.0,False,2026-09-11T01:25:26+00:00,,
10.3390/cosmetics11010025,niacinamide skin barrier,10.3390/cosmetics11010025,https://doi.org/10.3390/cosmetics11010025,https://www.mdpi.com/2079-9284/11/1/25,/2079-9284/11/1/25,"Efficacy and Skin Microbiome Modulation Effects of a Fixed-Concentration Combination of Benzoyl Peroxide 4% Plus Niacinamide 4% in a Film-Forming Cream in Subjects with Mild-to-Moderate Acne: A Non-Sponsored, Prospective, Assessor-Blinded, Pilot Trial","Benzoyl peroxide (BPO) and niacinamide (Niac) are commonly used alone or in combination with other molecules in the treatment of acne. BPO and Niac in the same product could exert complementary and synergistic effects improving efficacy in acne. Furthermore, Niac could reduce some side effects of BPO, such as skin irritation and erythema. A film-forming cream product containing BPO 4% and Niac 4%, vehiculated in a mixture of polyvinyl alcohol (PVA) and perfluoropolyether (PFPE) has been recently developed (B-N cream). A 28-day, assessor-blinded pilot trial was conducted to evaluate the clinical efficacy, skin tolerability, sebum production, skin redness, and skin microbiome modulation of B-N cream in subjects with mild to moderate acne of the face. Twenty-two adult men and women with mild-to-moderate acne of the face participated in this trial, after their written informed consent. B-N cream was applied once daily in the evening. The use of B-N cream was associated with a statistically significant decrease in acne lesions after treatment in comparison with baseline (non-inflammatory lesions: −40%; inflammatory lesions: −43% and total lesions: −41%). The use of the cream was not associated with a skin barrier function alteration. The skin redness score (−11%) and the sebum production (−42%) were significantly reduced after treatment. The use of B-N cream determined a reduction in the relative abundance of the Actinobacteria phylum ( Corynebacterium and Propionibacterium , from 56% to 47%) and a significant increase in the abundance of Bacteroidetes phylum (from 3% to 5.2%). In addition, the product was well tolerated. In conclusion, this film-forming, medical device cream was effective in subjects with mild-to-moderate acne, reducing acne lesions and sebum production without altering skin barrier function, offering good skin tolerability. Furthermore, this product exerts positive skin microbiome modulation effects.",288,,0,,,0,,Cosmetics,,2079-9284,2024-02-07,,,11,1,25,Communication,,,Mario Puviani | Klaus Eisendle,Mario Puviani,2,,,,True,https://www.mdpi.com/2079-9284/11/1/25/pdf?version=1707296631,,,0,0,niacinamide skin barrier | skin microbiome cosmetic,1.0,False,2026-09-11T01:25:26+00:00,,
10.3390/app14031183,cosmetic formulation microbiome stability,10.3390/app14031183,https://doi.org/10.3390/app14031183,https://www.mdpi.com/2076-3417/14/3/1183,/2076-3417/14/3/1183,Probiotics-Loaded Microspheres for Cosmetic Applications,"Probiotic bacteria confer health benefits to their host, support the intestinal microbiome and fight antibiotic resistance. Probiotic products are used in the food and pharmaceutical industries and, in recent years, have become increasingly popular in the cosmetic industry. However, in the case of cosmetics, it is difficult to meet microbiological requirements while maintaining viable cells. The aim of this research study was to develop an effective way of introducing live bacteria (a strain of L. casei ) into cosmetic formulations. A method of encapsulation of the bacteria was used to increase their viability. As part of the results, the effective carriers for the strain of L. casei are reported. Alginate microspheres were prepared for the systems to protect the microorganisms against external factors, such as temperature, UV light and preservatives. The obtained probiotic-loaded alginate microspheres were then used as the active ingredient of cosmetic formulations. Additionally, a preservative system was carefully selected to ensure the microorganisms’ viability and the microbiological stability of the products. The obtained results showed a significant improvement in the survival of the microencapsulated probiotic strain in the cosmetic formulations containing antimicrobial agents (6.13 log CFU/g after 120 days of storage) compared with the formulation containing the non-immobilised probiotic strain, where complete elimination of bacterial cells was observed.",211,,0,,,0,,Appl. Sci.,,2076-3417,2024-01-31,,,14,3,1183,Article,,,Anna Łętocha | Alicja Michalczyk | Paulina Ostrowska | Małgorzata Miastkowska | Elżbieta Sikora,Anna Łętocha,5,,,,True,https://www.mdpi.com/2076-3417/14/3/1183/pdf?version=1706688605,,,0,0,cosmetic formulation microbiome stability,1.0,False,2026-09-15T17:41:26+00:00,,
10.3390/pharmaceutics16010064,topical retinoid delivery systems,10.3390/pharmaceutics16010064,https://doi.org/10.3390/pharmaceutics16010064,https://www.mdpi.com/1999-4923/16/1/64,/1999-4923/16/1/64,Transdermal Drug Delivery of Tazarotene: Determining Tazarotene’s Potential in Local Transdermal Therapy,"Retinoid-based drugs, while effective, are associated with systemic toxicity. Topical alternatives offer a safer option, and tazarotene, a third-generation synthetic retinoid, holds promise. This study investigates tazarotene’s transdermal delivery potential, focusing on its application for joint-related conditions. The aim of this study was to investigate the suitability of tazarotene as a candidate for transdermal delivery into joints. In vitro permeation studies, using porcine skin, assessed tazarotene’s transdermal drug delivery from solution and gel formulations. A tape-stripping analysis determined stratum corneum retention and a pilot study using porcine joints assessed tazarotene’s ability to reach articular cartilage. Ultra Performance Liquid Chromatography coupled with a mass detector method was used to quantify tazarotene and tazarotenic acid permeation. The results validate that tazarotene can permeate porcine skin and accumulate in articular cartilage in detectable amounts. The detection of tazarotene and tazarotenic acid in both the in vitro permeation studies and the pilot study on porcine joints validate the drug’s potential therapeutic use for hand osteoarthritis. This study lays the groundwork for future research, contributing insights into tazarotene’s potential for transdermal drug delivery and guiding further exploration in topical retinoid applications.",186,,0,,,0,,Pharmaceutics,,1999-4923,2023-12-31,,,16,1,64,Article,,,Helena Hamzehpour | Ástrós Óskarsdóttir | Helgi Jónsson | Fjóla Jónsdóttir | Ólafur E. Sigurjónsson | Bergthora S. Snorradottir,Helena Hamzehpour,6,,,,True,https://www.mdpi.com/1999-4923/16/1/64/pdf?version=1704007196,,,0,0,topical retinoid delivery systems | cosmetic formulation rheology | surfactant skin barrier disruption,0.75,False,2026-09-15T13:37:24+00:00,,
10.3390/cosmetics11010001,cosmetic formulation rheology,10.3390/cosmetics11010001,https://doi.org/10.3390/cosmetics11010001,https://www.mdpi.com/2079-9284/11/1/1,/2079-9284/11/1/1,Meta-Analysis and Analytical Methods in Cosmetics Formulation: A Review,"The ever-evolving cosmetic industry requires advanced analytical techniques to explore, understand, and optimize product performance at nano, micro, and macroscopic levels. Nowadays, these insights are crucial for translating microstructure behavior into macroscopic properties. This knowledge is essential to formulate products with a lower carbon footprint and a higher sustainability profile, incorporating, at the same time, natural or biobased raw materials. These raw materials may present challenges for formulators and analytical scientists due to either an inferior performance when compared to their fossil-derived counterparts or higher costs. This comprehensive review covers a spectrum of analytical methodologies employed in cosmetic formulation, including chromatographic analyses, olfactometry, and electronic nose technology. The characterization of product stability involving assessing parameters such as droplet size, zeta potential, viscosity, analytical centrifugation, surface tension, and interfacial tension are also explored. The discussion in this paper extends to the role of rheology in understanding the molecular structure and behavioral dynamics of cosmetic samples. This review concludes with an overview of colorimetric analysis, a crucial aspect related to consumer perception, followed by a discussion on the challenges and opportunities associated with using meta-analysis methodologies in cosmetics. The formulation of cosmetics employing biobased feedstocks is included, highlighting the evolving landscape of cosmetic science and the integration of sustainable practices. This review stands at the interface between a meta-analysis of cosmetics and product performance, which is attained through a detailed examination of each analytical method. The know-how shared serves as a valuable resource for formulators, researchers, and industry professionals for real-world applications in the analytical field of cosmetics formulation.",257,,0,,,0,,Cosmetics,,2079-9284,2023-12-19,,,11,1,1,Review,,,Felipe Rico | Angela Mazabel | Greciel Egurrola | Juanita Pulido | Nelson Barrios | Ronald Marquez | Johnbrynner García,Felipe Rico,7,,,,True,https://www.mdpi.com/2079-9284/11/1/1/pdf?version=1702984310,,,0,0,cosmetic formulation rheology,1.0,False,2026-09-15T13:37:17+00:00,,
10.3390/pharmaceutics15122685,ceramide lipid barrier restoration,10.3390/pharmaceutics15122685,https://doi.org/10.3390/pharmaceutics15122685,https://www.mdpi.com/1999-4923/15/12/2685,/1999-4923/15/12/2685,The Design and Optimization of Ceramide NP-Loaded Liposomes to Restore the Skin Barrier,"The impairment of skin integrity derived from derangement of the orthorhombic lateral organization is mainly caused by dysregulation of ceramide amounts in the skin barrier. Ceramides, fatty acids, and cholesterol-containing nano-based formulations have been used to impair the skin barrier. However, there is still a challenge to formulate novel formulations consisting of ceramides due to their chemical structure, poor aqueous solubility, and high molecular weight. In this study, the design and optimization of Ceramide 3 (CER-NP)-loaded liposomes are implemented based on response surface methodology (RSM). The optimum CER-NP-loaded liposome was selected based on its particle size (PS) and polydispersity index (PDI). The optimum CER-NP-loaded liposome was imagined by observing the encapsulation by using a confocal laser scanning microscope (CLSM) within fluorescently labeled CER-NP. The characteristic liquid crystalline phase and lipid chain conformation of CER-NP-loaded liposomes were determined using attenuated total reflectance infrared spectroscopy (ATR-IR). The CER-NP-loaded liposomes were imagined using a field emission scanning electron microscope (FE-SEM). Finally, the in vitro release of CER-NP from liposomes was examined using modified Franz Cells. The experimental and predicted results were well correlated. The CLSM images of optimized liposomes were conformable with the other studies, and the encapsulation efficiency of CER-NP was 93.84 ± 0.87%. ATR-IR analysis supported the characteristics of the CER-NP-loaded liposome. In addition, the lipid chain conformation shows similarity with skin barrier lipid organization. The release pattern of CER-NP liposomes was fitted with the Korsmeyer–Peppas model. The cytotoxicity studies carried out on HaCaT keratinocytes supported the idea that the liposomes for topical administration of CER-NP could be considered relatively safe. In conclusion, the optimized CER-NP-loaded liposomes could have the potential to restore the skin barrier function.",276,,0,,,0,,Pharmaceutics,,1999-4923,2023-11-27,,,15,12,2685,Article,,,Hümeyra Şahin Bektay | Ali Asram Sağıroğlu | Kübra Bozali | Eray Metin Güler | Sevgi Güngör,Hümeyra Şahin Bektay,5,,,,True,https://www.mdpi.com/1999-4923/15/12/2685/pdf?version=1701164681,,,0,0,ceramide lipid barrier restoration | surfactant skin barrier disruption | cosmetic formulation microbiome modulation,0.75,False,2026-09-16T01:25:00+00:00,,
10.3390/antiox12091684,cosmetic formulation rheology,10.3390/antiox12091684,https://doi.org/10.3390/antiox12091684,https://www.mdpi.com/2076-3921/12/9/1684,/2076-3921/12/9/1684,New Insights into the Dermocosmetic Potential of the Red Seaweed Gelidium corneum,"This work addresses the potential of the red seaweed Gelidium corneum as a source of bioactive ingredients for skin health and wellness in response to the growing awareness regarding the significance of sustainable strategies in developing new nature-based dermocosmetic products. Hydroalcoholic extracts from the dried biomass were subjected to sequential liquid–liquid partitions, affording five different fractions (F1–F5). Their cosmetic potential was assessed through a set of in vitro assays concerning their antioxidant, photoprotective, and healing properties. Additionally, their cytotoxicity in HaCaT cells and their capacity to induce inflammation in RAW 264.7 cells were also evaluated. As a proof-of-concept, O/W emulsions were prepared, and emulsion stability was assessed by optical microscopy, droplet size analysis, centrifugation tests, and rheology analysis. Furthermore, in vivo tests were conducted with the final formulation to assess its antioxidant capacity. At subtoxic concentrations, the most lipophilic fraction has provided photoprotection against UV light-induced photooxidation in HaCaT cells. This was conducted together with the aqueous fraction, which also displayed healing capacities. Regarding the physical and stability assays, the best performance was achieved with the formulation containing 1% aqueous extract, which exhibited water retention and antioxidant properties in the in vivo assay. In summary, Gelidium corneum displayed itself as a potential source of bioactive ingredients with multitarget properties for dermatological use.",212,,0,,,0,,Antioxidants,,2076-3921,2023-08-29,,,12,9,1684,Article,,,Margarida Matias | Alice Martins | Celso Alves | Joana Silva | Susete Pinteus | Manuel Fitas | Pedro Pinto | Joana Marto | Helena Ribeiro | Patrick Murray | Rui Pedrosa,Margarida Matias,11,,,,True,https://www.mdpi.com/2076-3921/12/9/1684/pdf?version=1693547329,,,0,0,cosmetic formulation rheology | surfactant skin barrier disruption,1.0,False,2026-09-15T13:37:17+00:00,,
10.3390/nano13162340,cosmetic formulation rheology,10.3390/nano13162340,https://doi.org/10.3390/nano13162340,https://www.mdpi.com/2079-4991/13/16/2340,/2079-4991/13/16/2340,Viscoelasticity of Liposomal Dispersions,"Janus-faced viscoelastic gelling agents—possessing both elastic and viscous characteristics—provide materials with unique features including strengthening ability under stress and a liquid-like character with lower viscosities under relaxed conditions. The mentioned multifunctional character is manifested in several body fluids such as human tears, synovial liquids, skin tissues and mucins, endowing the fluids with a special physical resistance property that can be analyzed by dynamic oscillatory rheology. Therefore, during the development of pharmaceutical or cosmetical formulations—with the intention of mimicking the physiological conditions—rheological studies on viscoelasticity are strongly recommended and the selection of viscoelastic preparations is highlighted. In our study, we aimed to determine the viscoelasticity of various liposomal dispersions. We intended to evaluate the impact of lipid concentration, the presence of cholesterol or 1,2-distearoyl-sn-glycero-3-phosphocholine (DSPC) and the gelling agents polyvinyl alcohol (PVA) and hydroxyethylcellulose (HEC) on the viscoelasticity of vesicular systems. Furthermore, the effect of two model drugs (phenyl salicylate and caffeine) on the viscoelastic behavior of liposomal systems was studied. Based on our measurements, the oscillation rheological properties of the liposomal formulations were influenced both by the composition and the lamellarity/size of the lipid vesicles.",185,,0,,,0,,Nanomaterials,,2079-4991,2023-08-15,,,13,16,2340,Article,,,Lívia Budai | Marianna Budai | Zsófia Edit Fülöpné Pápay | Petra Szalkai | Noémi Anna Niczinger | Shosho Kijima | Kenji Sugibayashi | István Antal | Nikolett Kállai-Szabó,Lívia Budai,9,,,,True,https://www.mdpi.com/2079-4991/13/16/2340/pdf?version=1692085467,,,0,0,cosmetic formulation rheology | surfactant skin barrier disruption | topical retinoid delivery systems,1.0,False,2026-09-15T13:37:17+00:00,,
10.3390/molecules28155905,nanocarrier delivery epidermal penetration,10.3390/molecules28155905,https://doi.org/10.3390/molecules28155905,https://www.mdpi.com/1420-3049/28/15/5905,/1420-3049/28/15/5905,Exploring Nanocarriers as Treatment Modalities for Skin Cancer,"Cancer is a progressive disease of multi-factorial origin that has risen worldwide, probably due to changes in lifestyle, food intake, and environmental changes as some of the reasons. Skin cancer can be classified into melanomas from melanocytes and nonmelanoma skin cancer (NMSC) from the epidermally-derived cell. Together it constitutes about 95% of skin cancer. Basal cell carcinoma (BCC) and cutaneous squamous cell carcinoma (CSCC) are creditworthy of 99% of NMSC due to the limited accessibility of conventional formulations in skin cancer cells of having multiple obstacles in treatment reply to this therapeutic regime. Despite this, it often encounters erratic bioavailability and absorption to the target. Nanoparticles developed through nanotechnology platforms could be the better topical skin cancer therapy option. To improve the topical delivery, the nano-sized delivery system is appropriate as it fuses with the cutaneous layer and fluidized membrane; thus, the deeper penetration of therapeutics could be possible to reach the target spot. This review briefly outlooks the various nanoparticle preparations, i.e., liposomes, niosomes, ethosomes, transferosomes, transethosomes, nanoemulsions, and nanoparticles technologies tested into skin cancer and impede their progress tend to concentrate in the skin layers. Nanocarriers have proved that they can considerably boost medication bioavailability, lowering the frequency of dosage and reducing the toxicity associated with high doses of the medication.",213,,0,,,0,,Molecules,,1420-3049,2023-08-05,,,28,15,5905,Review,,,Mohammad Adnan | Md. Habban Akhter | Obaid Afzal | Abdulmalik S. A. Altamimi | Irfan Ahmad | Manal A. Alossaimi | Mariusz Jaremko | Abdul-Hamid Emwas | Tanweer Haider | Md. Faheem Haider,Mohammad Adnan,10,,,,True,https://www.mdpi.com/1420-3049/28/15/5905/pdf?version=1691242793,,,0,0,nanocarrier delivery epidermal penetration | surfactant skin microbiome disruption,1.0,False,2026-09-11T08:59:52+00:00,,
10.3390/ijms24119234,ceramide lipid barrier restoration,10.3390/ijms24119234,https://doi.org/10.3390/ijms24119234,https://www.mdpi.com/1422-0067/24/11/9234,/1422-0067/24/11/9234,Ceramide AD™ Restores Skin Integrity and Function following Exposure to House Dust Mite,"Ceramides are epidermal lipids important for normal skin barrier function. Reduced Ceramide content is associated with atopic dermatitis (AD). House dust mite (HDM) has been localized in AD skin where it plays an exacerbator role. We set to examine the impact of HDM on skin integrity and the effect of three separate Ceramides (AD™, DS, Y30) on HDM-induced cutaneous damage. The effect was tested in vitro on primary human keratinocytes and ex vivo on skin explants. HDM (100 μg/mL) decreased the expression of adhesion protein E-cadherin, supra-basal (K1, K10) and basal (K5, K14) keratins and increased matrix metallopeptidase (MMP)-9 activity. The presence of Ceramide AD™ in topical cream inhibited HDM-induced E-cadherin and keratin destruction and dampened MMP-9 activity ex vivo which was not seen for the control cream or cream containing DS or Y30 Ceramides. The efficacy of Ceramide AD™ was tested in a clinical setting on moderate to very dry skin (as surrogate for environment-induced skin damage). When applied topically for 21 days, Ceramide AD™ significantly reduced transepidermal water loss (TEWL) in patients with very dry skin compared to their TEWL baseline data. Our study demonstrates Ceramide AD™ cream to be effective in restoring skin homeostasis and barrier function in damaged skin and warrants testing in larger clinical trials for possible treatment of AD and xerosis.",217,,0,,,0,,Int. J. Mol. Sci.,,1422-0067,2023-05-25,,,24,11,9234,Article,,,Hanene Bzioueche | Myriam Tamelghaghet | Bérengère Chignon-Sicard | Noémie Bazile | Pauline Hauchecorne | Maria Barbero Calderón | Pauline Meunier | Stéphane Rocchi | Thierry Passeron | Meri K. Tulic,Hanene Bzioueche,10,,,,True,https://www.mdpi.com/1422-0067/24/11/9234/pdf?version=1684998310,,,0,0,ceramide lipid barrier restoration | surfactant skin barrier disruption,0.75,False,2026-09-16T01:25:00+00:00,,
10.3390/fermentation9030264,cosmetic formulation microbiome stability,10.3390/fermentation9030264,https://doi.org/10.3390/fermentation9030264,https://www.mdpi.com/2311-5637/9/3/264,/2311-5637/9/3/264,"Production, Formulation, and Application of Postbiotics in the Treatment of Skin Conditions","The skin microbiome is composed of a complex association of bacteria, fungi, and viruses. The maintenance of skin commensal microbes is essential for preventing the overgrowth of pathogenic microorganisms or already present opportunistic pathogens. Thus, the development of bioactive compounds capable of modulating skin microbiome has become an important topic for both researchers and the cosmetic industry. Increasingly, scientific evidence highlights that metabolites derived from probiotics have a great potential to prevent diseases affecting the skin. These compounds have recently been called postbiotics and are defined as a “preparation of inanimate microorganisms and/or their components that confers a health benefit on the host”. Postbiotics are obtained from fermentations performed almost exclusively by lactic acid bacteria and yeast. Short-chain fatty acids, bacteriocins, and organic acids are some examples of postbiotics. These compounds exhibit antimicrobial, immunomodulatory, antioxidant, and anti-inflammatory activities. In addition, postbiotic production possesses technological advantages, including high stability and increased safety, compared to viable probiotics. In this article, a model for the large-scale production of postbiotics and their uses in cosmetic formulations are reviewed. In addition, results obtained from in vivo tests for the treatment of alopecia, acne, atopic dermatitis, and wound healing are discussed. Finally, technological advances are shown based on a survey of the main patents filed in the area of postbiotics.",214,,0,,,0,,Fermentation,,2311-5637,2023-03-07,,,9,3,264,Review,,,Alexander da Silva Vale | Gilberto Vinícius de Melo Pereira | Ana Caroline de Oliveira | Dão Pedro de Carvalho Neto | Leonardo Wedderhoff Herrmann | Susan Grace Karp | Vanete Thomaz Soccol | Carlos Ricardo Soccol,Alexander da Silva Vale,8,,,,True,https://www.mdpi.com/2311-5637/9/3/264/pdf?version=1678192336,,,0,0,cosmetic formulation microbiome stability | surfactant skin barrier irritation,1.0,False,2026-09-15T17:41:26+00:00,,
